ISO-10303-21;
HEADER;
/* Generated by software containing ST-Developer
 * from STEP Tools, Inc. (www.steptools.com) 
 */

FILE_DESCRIPTION(
/* description */ (''),
/* implementation_level */ '2;1');

FILE_NAME(
/* name */ '',
/* time_stamp */ '2026-09-21T12:04:02+08:00',
/* author */ (''),
/* organization */ (''),
/* preprocessor_version */ 'ST-DEVELOPER v20.2',
/* originating_system */ 'Autodesk Translation Framework v15.15.0.0',
/* authorisation */ '');

FILE_SCHEMA (('AUTOMOTIVE_DESIGN { 1 0 10303 214 3 1 1 }'));
ENDSEC;

DATA;
#10=MECHANICAL_DESIGN_GEOMETRIC_PRESENTATION_REPRESENTATION('',(#13),#4836);
#11=SHAPE_REPRESENTATION_RELATIONSHIP('SRR','None',#4843,#12);
#12=ADVANCED_BREP_SHAPE_REPRESENTATION('',(#14),#4835);
#13=STYLED_ITEM('',(#4852),#14);
#14=MANIFOLD_SOLID_BREP('\X2\5B9E4F53\X0\2',#2802);
#15=FACE_BOUND('',#271,.T.);
#16=FACE_BOUND('',#272,.T.);
#17=FACE_BOUND('',#273,.T.);
#18=FACE_BOUND('',#274,.T.);
#19=FACE_BOUND('',#275,.T.);
#20=FACE_BOUND('',#276,.T.);
#21=FACE_BOUND('',#277,.T.);
#22=FACE_BOUND('',#278,.T.);
#23=FACE_BOUND('',#279,.T.);
#24=FACE_BOUND('',#280,.T.);
#25=FACE_BOUND('',#281,.T.);
#26=FACE_BOUND('',#285,.T.);
#27=FACE_BOUND('',#286,.T.);
#28=FACE_BOUND('',#287,.T.);
#29=FACE_BOUND('',#288,.T.);
#30=FACE_BOUND('',#289,.T.);
#31=FACE_BOUND('',#357,.T.);
#32=FACE_BOUND('',#360,.T.);
#33=FACE_BOUND('',#363,.T.);
#34=PLANE('',#2822);
#35=PLANE('',#2823);
#36=PLANE('',#2836);
#37=PLANE('',#2843);
#38=PLANE('',#2859);
#39=PLANE('',#2867);
#40=PLANE('',#2872);
#41=PLANE('',#2873);
#42=PLANE('',#2874);
#43=PLANE('',#2879);
#44=PLANE('',#2880);
#45=PLANE('',#2881);
#46=PLANE('',#2886);
#47=PLANE('',#2887);
#48=PLANE('',#2915);
#49=PLANE('',#2916);
#50=PLANE('',#2945);
#51=PLANE('',#2951);
#52=PLANE('',#3007);
#53=PLANE('',#3020);
#54=PLANE('',#3026);
#55=PLANE('',#3031);
#56=PLANE('',#3033);
#57=PLANE('',#3036);
#58=PLANE('',#3038);
#59=PLANE('',#3040);
#60=PLANE('',#3043);
#61=PLANE('',#3045);
#62=PLANE('',#3046);
#63=PLANE('',#3047);
#64=PLANE('',#3048);
#65=PLANE('',#3051);
#66=PLANE('',#3052);
#67=PLANE('',#3055);
#68=PLANE('',#3057);
#69=PLANE('',#3059);
#70=PLANE('',#3061);
#71=PLANE('',#3063);
#72=PLANE('',#3065);
#73=PLANE('',#3068);
#74=PLANE('',#3070);
#75=PLANE('',#3072);
#76=PLANE('',#3074);
#77=PLANE('',#3077);
#78=PLANE('',#3079);
#79=PLANE('',#3081);
#80=PLANE('',#3083);
#81=PLANE('',#3085);
#82=PLANE('',#3089);
#83=PLANE('',#3093);
#84=PLANE('',#3097);
#85=PLANE('',#3105);
#86=PLANE('',#3107);
#87=PLANE('',#3109);
#88=PLANE('',#3111);
#89=PLANE('',#3113);
#90=PLANE('',#3115);
#91=PLANE('',#3120);
#92=PLANE('',#3121);
#93=PLANE('',#3123);
#94=FACE_OUTER_BOUND('',#234,.T.);
#95=FACE_OUTER_BOUND('',#235,.T.);
#96=FACE_OUTER_BOUND('',#236,.T.);
#97=FACE_OUTER_BOUND('',#237,.T.);
#98=FACE_OUTER_BOUND('',#238,.T.);
#99=FACE_OUTER_BOUND('',#239,.T.);
#100=FACE_OUTER_BOUND('',#240,.T.);
#101=FACE_OUTER_BOUND('',#241,.T.);
#102=FACE_OUTER_BOUND('',#242,.T.);
#103=FACE_OUTER_BOUND('',#243,.T.);
#104=FACE_OUTER_BOUND('',#244,.T.);
#105=FACE_OUTER_BOUND('',#245,.T.);
#106=FACE_OUTER_BOUND('',#246,.T.);
#107=FACE_OUTER_BOUND('',#247,.T.);
#108=FACE_OUTER_BOUND('',#248,.T.);
#109=FACE_OUTER_BOUND('',#249,.T.);
#110=FACE_OUTER_BOUND('',#250,.T.);
#111=FACE_OUTER_BOUND('',#251,.T.);
#112=FACE_OUTER_BOUND('',#252,.T.);
#113=FACE_OUTER_BOUND('',#253,.T.);
#114=FACE_OUTER_BOUND('',#254,.T.);
#115=FACE_OUTER_BOUND('',#255,.T.);
#116=FACE_OUTER_BOUND('',#256,.T.);
#117=FACE_OUTER_BOUND('',#257,.T.);
#118=FACE_OUTER_BOUND('',#258,.T.);
#119=FACE_OUTER_BOUND('',#259,.T.);
#120=FACE_OUTER_BOUND('',#260,.T.);
#121=FACE_OUTER_BOUND('',#261,.T.);
#122=FACE_OUTER_BOUND('',#262,.T.);
#123=FACE_OUTER_BOUND('',#263,.T.);
#124=FACE_OUTER_BOUND('',#264,.T.);
#125=FACE_OUTER_BOUND('',#265,.T.);
#126=FACE_OUTER_BOUND('',#266,.T.);
#127=FACE_OUTER_BOUND('',#267,.T.);
#128=FACE_OUTER_BOUND('',#268,.T.);
#129=FACE_OUTER_BOUND('',#269,.T.);
#130=FACE_OUTER_BOUND('',#270,.T.);
#131=FACE_OUTER_BOUND('',#282,.T.);
#132=FACE_OUTER_BOUND('',#283,.T.);
#133=FACE_OUTER_BOUND('',#284,.T.);
#134=FACE_OUTER_BOUND('',#290,.T.);
#135=FACE_OUTER_BOUND('',#291,.T.);
#136=FACE_OUTER_BOUND('',#292,.T.);
#137=FACE_OUTER_BOUND('',#293,.T.);
#138=FACE_OUTER_BOUND('',#294,.T.);
#139=FACE_OUTER_BOUND('',#295,.T.);
#140=FACE_OUTER_BOUND('',#296,.T.);
#141=FACE_OUTER_BOUND('',#297,.T.);
#142=FACE_OUTER_BOUND('',#298,.T.);
#143=FACE_OUTER_BOUND('',#299,.T.);
#144=FACE_OUTER_BOUND('',#300,.T.);
#145=FACE_OUTER_BOUND('',#301,.T.);
#146=FACE_OUTER_BOUND('',#302,.T.);
#147=FACE_OUTER_BOUND('',#303,.T.);
#148=FACE_OUTER_BOUND('',#304,.T.);
#149=FACE_OUTER_BOUND('',#305,.T.);
#150=FACE_OUTER_BOUND('',#306,.T.);
#151=FACE_OUTER_BOUND('',#307,.T.);
#152=FACE_OUTER_BOUND('',#308,.T.);
#153=FACE_OUTER_BOUND('',#309,.T.);
#154=FACE_OUTER_BOUND('',#310,.T.);
#155=FACE_OUTER_BOUND('',#311,.T.);
#156=FACE_OUTER_BOUND('',#312,.T.);
#157=FACE_OUTER_BOUND('',#313,.T.);
#158=FACE_OUTER_BOUND('',#314,.T.);
#159=FACE_OUTER_BOUND('',#315,.T.);
#160=FACE_OUTER_BOUND('',#316,.T.);
#161=FACE_OUTER_BOUND('',#317,.T.);
#162=FACE_OUTER_BOUND('',#318,.T.);
#163=FACE_OUTER_BOUND('',#319,.T.);
#164=FACE_OUTER_BOUND('',#320,.T.);
#165=FACE_OUTER_BOUND('',#321,.T.);
#166=FACE_OUTER_BOUND('',#322,.T.);
#167=FACE_OUTER_BOUND('',#323,.T.);
#168=FACE_OUTER_BOUND('',#324,.T.);
#169=FACE_OUTER_BOUND('',#325,.T.);
#170=FACE_OUTER_BOUND('',#326,.T.);
#171=FACE_OUTER_BOUND('',#327,.T.);
#172=FACE_OUTER_BOUND('',#328,.T.);
#173=FACE_OUTER_BOUND('',#329,.T.);
#174=FACE_OUTER_BOUND('',#330,.T.);
#175=FACE_OUTER_BOUND('',#331,.T.);
#176=FACE_OUTER_BOUND('',#332,.T.);
#177=FACE_OUTER_BOUND('',#333,.T.);
#178=FACE_OUTER_BOUND('',#334,.T.);
#179=FACE_OUTER_BOUND('',#335,.T.);
#180=FACE_OUTER_BOUND('',#336,.T.);
#181=FACE_OUTER_BOUND('',#337,.T.);
#182=FACE_OUTER_BOUND('',#338,.T.);
#183=FACE_OUTER_BOUND('',#339,.T.);
#184=FACE_OUTER_BOUND('',#340,.T.);
#185=FACE_OUTER_BOUND('',#341,.T.);
#186=FACE_OUTER_BOUND('',#342,.T.);
#187=FACE_OUTER_BOUND('',#343,.T.);
#188=FACE_OUTER_BOUND('',#344,.T.);
#189=FACE_OUTER_BOUND('',#345,.T.);
#190=FACE_OUTER_BOUND('',#346,.T.);
#191=FACE_OUTER_BOUND('',#347,.T.);
#192=FACE_OUTER_BOUND('',#348,.T.);
#193=FACE_OUTER_BOUND('',#349,.T.);
#194=FACE_OUTER_BOUND('',#350,.T.);
#195=FACE_OUTER_BOUND('',#351,.T.);
#196=FACE_OUTER_BOUND('',#352,.T.);
#197=FACE_OUTER_BOUND('',#353,.T.);
#198=FACE_OUTER_BOUND('',#354,.T.);
#199=FACE_OUTER_BOUND('',#355,.T.);
#200=FACE_OUTER_BOUND('',#356,.T.);
#201=FACE_OUTER_BOUND('',#358,.T.);
#202=FACE_OUTER_BOUND('',#359,.T.);
#203=FACE_OUTER_BOUND('',#361,.T.);
#204=FACE_OUTER_BOUND('',#362,.T.);
#205=FACE_OUTER_BOUND('',#364,.T.);
#206=FACE_OUTER_BOUND('',#365,.T.);
#207=FACE_OUTER_BOUND('',#366,.T.);
#208=FACE_OUTER_BOUND('',#367,.T.);
#209=FACE_OUTER_BOUND('',#368,.T.);
#210=FACE_OUTER_BOUND('',#369,.T.);
#211=FACE_OUTER_BOUND('',#370,.T.);
#212=FACE_OUTER_BOUND('',#371,.T.);
#213=FACE_OUTER_BOUND('',#372,.T.);
#214=FACE_OUTER_BOUND('',#373,.T.);
#215=FACE_OUTER_BOUND('',#374,.T.);
#216=FACE_OUTER_BOUND('',#375,.T.);
#217=FACE_OUTER_BOUND('',#376,.T.);
#218=FACE_OUTER_BOUND('',#377,.T.);
#219=FACE_OUTER_BOUND('',#378,.T.);
#220=FACE_OUTER_BOUND('',#379,.T.);
#221=FACE_OUTER_BOUND('',#380,.T.);
#222=FACE_OUTER_BOUND('',#381,.T.);
#223=FACE_OUTER_BOUND('',#382,.T.);
#224=FACE_OUTER_BOUND('',#383,.T.);
#225=FACE_OUTER_BOUND('',#384,.T.);
#226=FACE_OUTER_BOUND('',#385,.T.);
#227=FACE_OUTER_BOUND('',#386,.T.);
#228=FACE_OUTER_BOUND('',#387,.T.);
#229=FACE_OUTER_BOUND('',#388,.T.);
#230=FACE_OUTER_BOUND('',#389,.T.);
#231=FACE_OUTER_BOUND('',#390,.T.);
#232=FACE_OUTER_BOUND('',#391,.T.);
#233=FACE_OUTER_BOUND('',#392,.T.);
#234=EDGE_LOOP('',(#1748,#1749,#1750,#1751));
#235=EDGE_LOOP('',(#1752,#1753,#1754,#1755));
#236=EDGE_LOOP('',(#1756,#1757,#1758,#1759));
#237=EDGE_LOOP('',(#1760,#1761,#1762,#1763));
#238=EDGE_LOOP('',(#1764,#1765,#1766,#1767));
#239=EDGE_LOOP('',(#1768,#1769,#1770,#1771));
#240=EDGE_LOOP('',(#1772,#1773,#1774,#1775));
#241=EDGE_LOOP('',(#1776,#1777,#1778,#1779));
#242=EDGE_LOOP('',(#1780,#1781,#1782,#1783));
#243=EDGE_LOOP('',(#1784,#1785,#1786,#1787));
#244=EDGE_LOOP('',(#1788,#1789,#1790,#1791));
#245=EDGE_LOOP('',(#1792,#1793,#1794,#1795));
#246=EDGE_LOOP('',(#1796,#1797,#1798,#1799));
#247=EDGE_LOOP('',(#1800,#1801,#1802,#1803));
#248=EDGE_LOOP('',(#1804,#1805,#1806,#1807));
#249=EDGE_LOOP('',(#1808,#1809,#1810,#1811));
#250=EDGE_LOOP('',(#1812,#1813,#1814,#1815,#1816));
#251=EDGE_LOOP('',(#1817,#1818,#1819,#1820,#1821,#1822,#1823,#1824,#1825,
#1826,#1827,#1828));
#252=EDGE_LOOP('',(#1829,#1830,#1831,#1832,#1833));
#253=EDGE_LOOP('',(#1834,#1835,#1836,#1837,#1838,#1839,#1840,#1841,#1842,
#1843,#1844,#1845));
#254=EDGE_LOOP('',(#1846,#1847,#1848,#1849));
#255=EDGE_LOOP('',(#1850,#1851,#1852,#1853));
#256=EDGE_LOOP('',(#1854,#1855,#1856,#1857,#1858,#1859,#1860,#1861));
#257=EDGE_LOOP('',(#1862,#1863,#1864,#1865));
#258=EDGE_LOOP('',(#1866,#1867,#1868,#1869));
#259=EDGE_LOOP('',(#1870,#1871,#1872,#1873,#1874,#1875,#1876,#1877));
#260=EDGE_LOOP('',(#1878,#1879,#1880,#1881,#1882,#1883,#1884,#1885));
#261=EDGE_LOOP('',(#1886,#1887,#1888,#1889,#1890,#1891,#1892,#1893,#1894,
#1895,#1896,#1897,#1898,#1899,#1900,#1901,#1902,#1903,#1904,#1905,#1906,
#1907,#1908,#1909,#1910,#1911,#1912,#1913,#1914,#1915,#1916,#1917,#1918,
#1919,#1920,#1921,#1922,#1923,#1924,#1925,#1926,#1927,#1928,#1929,#1930,
#1931));
#262=EDGE_LOOP('',(#1932,#1933,#1934,#1935,#1936,#1937));
#263=EDGE_LOOP('',(#1938,#1939,#1940,#1941,#1942,#1943,#1944,#1945));
#264=EDGE_LOOP('',(#1946,#1947,#1948,#1949,#1950,#1951,#1952,#1953,#1954,
#1955,#1956,#1957,#1958,#1959,#1960,#1961,#1962,#1963,#1964,#1965,#1966,
#1967,#1968,#1969,#1970,#1971,#1972,#1973,#1974,#1975,#1976,#1977,#1978,
#1979,#1980,#1981,#1982,#1983,#1984,#1985,#1986,#1987,#1988,#1989,#1990,
#1991));
#265=EDGE_LOOP('',(#1992,#1993,#1994,#1995,#1996,#1997));
#266=EDGE_LOOP('',(#1998,#1999,#2000,#2001));
#267=EDGE_LOOP('',(#2002,#2003,#2004,#2005));
#268=EDGE_LOOP('',(#2006,#2007,#2008,#2009));
#269=EDGE_LOOP('',(#2010,#2011,#2012,#2013,#2014,#2015,#2016,#2017));
#270=EDGE_LOOP('',(#2018,#2019,#2020,#2021,#2022,#2023,#2024,#2025,#2026,
#2027,#2028,#2029,#2030,#2031,#2032,#2033,#2034,#2035,#2036,#2037,#2038,
#2039,#2040,#2041,#2042,#2043,#2044,#2045));
#271=EDGE_LOOP('',(#2046,#2047,#2048,#2049,#2050,#2051,#2052,#2053));
#272=EDGE_LOOP('',(#2054,#2055,#2056,#2057,#2058,#2059,#2060,#2061,#2062,
#2063,#2064,#2065,#2066,#2067,#2068,#2069));
#273=EDGE_LOOP('',(#2070,#2071,#2072,#2073,#2074,#2075,#2076,#2077,#2078,
#2079,#2080,#2081,#2082,#2083,#2084,#2085));
#274=EDGE_LOOP('',(#2086,#2087,#2088,#2089,#2090,#2091,#2092,#2093));
#275=EDGE_LOOP('',(#2094));
#276=EDGE_LOOP('',(#2095));
#277=EDGE_LOOP('',(#2096));
#278=EDGE_LOOP('',(#2097));
#279=EDGE_LOOP('',(#2098));
#280=EDGE_LOOP('',(#2099,#2100,#2101,#2102,#2103,#2104,#2105,#2106,#2107,
#2108,#2109,#2110));
#281=EDGE_LOOP('',(#2111,#2112,#2113,#2114,#2115,#2116,#2117,#2118,#2119,
#2120,#2121,#2122));
#282=EDGE_LOOP('',(#2123,#2124,#2125,#2126));
#283=EDGE_LOOP('',(#2127,#2128,#2129,#2130,#2131,#2132,#2133,#2134));
#284=EDGE_LOOP('',(#2135,#2136,#2137,#2138,#2139,#2140,#2141,#2142,#2143,
#2144,#2145,#2146));
#285=EDGE_LOOP('',(#2147));
#286=EDGE_LOOP('',(#2148));
#287=EDGE_LOOP('',(#2149));
#288=EDGE_LOOP('',(#2150));
#289=EDGE_LOOP('',(#2151));
#290=EDGE_LOOP('',(#2152,#2153,#2154,#2155));
#291=EDGE_LOOP('',(#2156,#2157,#2158,#2159,#2160,#2161,#2162,#2163));
#292=EDGE_LOOP('',(#2164,#2165,#2166,#2167));
#293=EDGE_LOOP('',(#2168,#2169,#2170,#2171));
#294=EDGE_LOOP('',(#2172,#2173,#2174,#2175));
#295=EDGE_LOOP('',(#2176,#2177,#2178,#2179));
#296=EDGE_LOOP('',(#2180,#2181,#2182,#2183,#2184,#2185,#2186,#2187));
#297=EDGE_LOOP('',(#2188,#2189,#2190,#2191));
#298=EDGE_LOOP('',(#2192,#2193,#2194,#2195));
#299=EDGE_LOOP('',(#2196,#2197,#2198,#2199));
#300=EDGE_LOOP('',(#2200,#2201,#2202,#2203));
#301=EDGE_LOOP('',(#2204,#2205,#2206,#2207));
#302=EDGE_LOOP('',(#2208,#2209,#2210,#2211));
#303=EDGE_LOOP('',(#2212,#2213,#2214,#2215,#2216,#2217));
#304=EDGE_LOOP('',(#2218,#2219,#2220,#2221));
#305=EDGE_LOOP('',(#2222,#2223,#2224,#2225));
#306=EDGE_LOOP('',(#2226,#2227,#2228,#2229));
#307=EDGE_LOOP('',(#2230,#2231,#2232,#2233));
#308=EDGE_LOOP('',(#2234,#2235,#2236,#2237));
#309=EDGE_LOOP('',(#2238,#2239,#2240,#2241));
#310=EDGE_LOOP('',(#2242,#2243,#2244,#2245,#2246,#2247));
#311=EDGE_LOOP('',(#2248,#2249,#2250,#2251));
#312=EDGE_LOOP('',(#2252,#2253,#2254,#2255));
#313=EDGE_LOOP('',(#2256,#2257,#2258,#2259));
#314=EDGE_LOOP('',(#2260,#2261,#2262,#2263));
#315=EDGE_LOOP('',(#2264,#2265,#2266,#2267,#2268,#2269));
#316=EDGE_LOOP('',(#2270,#2271,#2272,#2273,#2274,#2275));
#317=EDGE_LOOP('',(#2276,#2277,#2278,#2279));
#318=EDGE_LOOP('',(#2280,#2281,#2282,#2283));
#319=EDGE_LOOP('',(#2284,#2285,#2286,#2287,#2288,#2289));
#320=EDGE_LOOP('',(#2290,#2291,#2292,#2293));
#321=EDGE_LOOP('',(#2294,#2295,#2296,#2297,#2298,#2299));
#322=EDGE_LOOP('',(#2300,#2301,#2302,#2303));
#323=EDGE_LOOP('',(#2304,#2305,#2306,#2307));
#324=EDGE_LOOP('',(#2308,#2309,#2310,#2311));
#325=EDGE_LOOP('',(#2312,#2313,#2314,#2315));
#326=EDGE_LOOP('',(#2316,#2317,#2318,#2319));
#327=EDGE_LOOP('',(#2320,#2321,#2322,#2323));
#328=EDGE_LOOP('',(#2324,#2325,#2326,#2327));
#329=EDGE_LOOP('',(#2328,#2329,#2330,#2331));
#330=EDGE_LOOP('',(#2332,#2333,#2334,#2335));
#331=EDGE_LOOP('',(#2336,#2337,#2338,#2339));
#332=EDGE_LOOP('',(#2340,#2341,#2342,#2343));
#333=EDGE_LOOP('',(#2344,#2345,#2346,#2347));
#334=EDGE_LOOP('',(#2348,#2349,#2350,#2351));
#335=EDGE_LOOP('',(#2352,#2353,#2354,#2355));
#336=EDGE_LOOP('',(#2356,#2357,#2358,#2359));
#337=EDGE_LOOP('',(#2360,#2361,#2362,#2363));
#338=EDGE_LOOP('',(#2364,#2365,#2366,#2367));
#339=EDGE_LOOP('',(#2368,#2369,#2370,#2371));
#340=EDGE_LOOP('',(#2372,#2373,#2374,#2375));
#341=EDGE_LOOP('',(#2376,#2377,#2378,#2379));
#342=EDGE_LOOP('',(#2380,#2381,#2382,#2383));
#343=EDGE_LOOP('',(#2384,#2385,#2386,#2387,#2388));
#344=EDGE_LOOP('',(#2389,#2390,#2391,#2392));
#345=EDGE_LOOP('',(#2393,#2394,#2395,#2396));
#346=EDGE_LOOP('',(#2397,#2398,#2399,#2400));
#347=EDGE_LOOP('',(#2401,#2402,#2403,#2404));
#348=EDGE_LOOP('',(#2405,#2406,#2407,#2408));
#349=EDGE_LOOP('',(#2409,#2410,#2411,#2412));
#350=EDGE_LOOP('',(#2413,#2414,#2415,#2416,#2417));
#351=EDGE_LOOP('',(#2418,#2419,#2420,#2421));
#352=EDGE_LOOP('',(#2422,#2423,#2424,#2425,#2426));
#353=EDGE_LOOP('',(#2427,#2428,#2429,#2430));
#354=EDGE_LOOP('',(#2431,#2432,#2433,#2434,#2435));
#355=EDGE_LOOP('',(#2436,#2437,#2438,#2439));
#356=EDGE_LOOP('',(#2440));
#357=EDGE_LOOP('',(#2441));
#358=EDGE_LOOP('',(#2442,#2443,#2444,#2445));
#359=EDGE_LOOP('',(#2446));
#360=EDGE_LOOP('',(#2447));
#361=EDGE_LOOP('',(#2448,#2449,#2450,#2451));
#362=EDGE_LOOP('',(#2452));
#363=EDGE_LOOP('',(#2453));
#364=EDGE_LOOP('',(#2454,#2455,#2456,#2457,#2458));
#365=EDGE_LOOP('',(#2459,#2460,#2461,#2462,#2463,#2464));
#366=EDGE_LOOP('',(#2465,#2466,#2467,#2468,#2469,#2470));
#367=EDGE_LOOP('',(#2471,#2472,#2473,#2474));
#368=EDGE_LOOP('',(#2475,#2476,#2477,#2478,#2479,#2480));
#369=EDGE_LOOP('',(#2481,#2482,#2483,#2484));
#370=EDGE_LOOP('',(#2485,#2486,#2487,#2488));
#371=EDGE_LOOP('',(#2489,#2490,#2491,#2492));
#372=EDGE_LOOP('',(#2493,#2494,#2495,#2496));
#373=EDGE_LOOP('',(#2497,#2498,#2499,#2500));
#374=EDGE_LOOP('',(#2501,#2502,#2503,#2504));
#375=EDGE_LOOP('',(#2505,#2506,#2507,#2508));
#376=EDGE_LOOP('',(#2509,#2510,#2511,#2512,#2513,#2514,#2515,#2516));
#377=EDGE_LOOP('',(#2517,#2518,#2519,#2520));
#378=EDGE_LOOP('',(#2521,#2522,#2523,#2524));
#379=EDGE_LOOP('',(#2525,#2526,#2527,#2528));
#380=EDGE_LOOP('',(#2529,#2530,#2531,#2532));
#381=EDGE_LOOP('',(#2533,#2534,#2535,#2536));
#382=EDGE_LOOP('',(#2537,#2538,#2539,#2540));
#383=EDGE_LOOP('',(#2541,#2542,#2543,#2544));
#384=EDGE_LOOP('',(#2545,#2546,#2547,#2548));
#385=EDGE_LOOP('',(#2549,#2550,#2551,#2552));
#386=EDGE_LOOP('',(#2553,#2554,#2555,#2556));
#387=EDGE_LOOP('',(#2557,#2558,#2559,#2560));
#388=EDGE_LOOP('',(#2561,#2562,#2563,#2564));
#389=EDGE_LOOP('',(#2565,#2566,#2567,#2568,#2569));
#390=EDGE_LOOP('',(#2570,#2571,#2572,#2573));
#391=EDGE_LOOP('',(#2574,#2575,#2576,#2577));
#392=EDGE_LOOP('',(#2578,#2579,#2580,#2581));
#393=LINE('',#4005,#638);
#394=LINE('',#4008,#639);
#395=LINE('',#4014,#640);
#396=LINE('',#4017,#641);
#397=LINE('',#4019,#642);
#398=LINE('',#4020,#643);
#399=LINE('',#4024,#644);
#400=LINE('',#4026,#645);
#401=LINE('',#4028,#646);
#402=LINE('',#4029,#647);
#403=LINE('',#4035,#648);
#404=LINE('',#4041,#649);
#405=LINE('',#4047,#650);
#406=LINE('',#4050,#651);
#407=LINE('',#4057,#652);
#408=LINE('',#4059,#653);
#409=LINE('',#4061,#654);
#410=LINE('',#4062,#655);
#411=LINE('',#4068,#656);
#412=LINE('',#4073,#657);
#413=LINE('',#4078,#658);
#414=LINE('',#4080,#659);
#415=LINE('',#4082,#660);
#416=LINE('',#4083,#661);
#417=LINE('',#4089,#662);
#418=LINE('',#4095,#663);
#419=LINE('',#4101,#664);
#420=LINE('',#4104,#665);
#421=LINE('',#4112,#666);
#422=LINE('',#4115,#667);
#423=LINE('',#4120,#668);
#424=LINE('',#4125,#669);
#425=LINE('',#4129,#670);
#426=LINE('',#4133,#671);
#427=LINE('',#4139,#672);
#428=LINE('',#4144,#673);
#429=LINE('',#4149,#674);
#430=LINE('',#4151,#675);
#431=LINE('',#4153,#676);
#432=LINE('',#4154,#677);
#433=LINE('',#4158,#678);
#434=LINE('',#4160,#679);
#435=LINE('',#4162,#680);
#436=LINE('',#4163,#681);
#437=LINE('',#4170,#682);
#438=LINE('',#4174,#683);
#439=LINE('',#4178,#684);
#440=LINE('',#4180,#685);
#441=LINE('',#4182,#686);
#442=LINE('',#4183,#687);
#443=LINE('',#4187,#688);
#444=LINE('',#4189,#689);
#445=LINE('',#4191,#690);
#446=LINE('',#4192,#691);
#447=LINE('',#4199,#692);
#448=LINE('',#4203,#693);
#449=LINE('',#4206,#694);
#450=LINE('',#4208,#695);
#451=LINE('',#4210,#696);
#452=LINE('',#4212,#697);
#453=LINE('',#4213,#698);
#454=LINE('',#4220,#699);
#455=LINE('',#4226,#700);
#456=LINE('',#4230,#701);
#457=LINE('',#4234,#702);
#458=LINE('',#4238,#703);
#459=LINE('',#4242,#704);
#460=LINE('',#4248,#705);
#461=LINE('',#4255,#706);
#462=LINE('',#4259,#707);
#463=LINE('',#4263,#708);
#464=LINE('',#4267,#709);
#465=LINE('',#4271,#710);
#466=LINE('',#4275,#711);
#467=LINE('',#4279,#712);
#468=LINE('',#4283,#713);
#469=LINE('',#4287,#714);
#470=LINE('',#4295,#715);
#471=LINE('',#4299,#716);
#472=LINE('',#4302,#717);
#473=LINE('',#4305,#718);
#474=LINE('',#4307,#719);
#475=LINE('',#4308,#720);
#476=LINE('',#4309,#721);
#477=LINE('',#4314,#722);
#478=LINE('',#4317,#723);
#479=LINE('',#4321,#724);
#480=LINE('',#4325,#725);
#481=LINE('',#4329,#726);
#482=LINE('',#4333,#727);
#483=LINE('',#4339,#728);
#484=LINE('',#4346,#729);
#485=LINE('',#4354,#730);
#486=LINE('',#4358,#731);
#487=LINE('',#4362,#732);
#488=LINE('',#4366,#733);
#489=LINE('',#4370,#734);
#490=LINE('',#4374,#735);
#491=LINE('',#4378,#736);
#492=LINE('',#4382,#737);
#493=LINE('',#4386,#738);
#494=LINE('',#4390,#739);
#495=LINE('',#4393,#740);
#496=LINE('',#4399,#741);
#497=LINE('',#4402,#742);
#498=LINE('',#4405,#743);
#499=LINE('',#4407,#744);
#500=LINE('',#4408,#745);
#501=LINE('',#4413,#746);
#502=LINE('',#4414,#747);
#503=LINE('',#4418,#748);
#504=LINE('',#4420,#749);
#505=LINE('',#4423,#750);
#506=LINE('',#4425,#751);
#507=LINE('',#4429,#752);
#508=LINE('',#4435,#753);
#509=LINE('',#4438,#754);
#510=LINE('',#4446,#755);
#511=LINE('',#4450,#756);
#512=LINE('',#4453,#757);
#513=LINE('',#4457,#758);
#514=LINE('',#4463,#759);
#515=LINE('',#4474,#760);
#516=LINE('',#4478,#761);
#517=LINE('',#4482,#762);
#518=LINE('',#4486,#763);
#519=LINE('',#4489,#764);
#520=LINE('',#4495,#765);
#521=LINE('',#4499,#766);
#522=LINE('',#4503,#767);
#523=LINE('',#4507,#768);
#524=LINE('',#4511,#769);
#525=LINE('',#4530,#770);
#526=LINE('',#4534,#771);
#527=LINE('',#4538,#772);
#528=LINE('',#4542,#773);
#529=LINE('',#4546,#774);
#530=LINE('',#4549,#775);
#531=LINE('',#4554,#776);
#532=LINE('',#4558,#777);
#533=LINE('',#4562,#778);
#534=LINE('',#4566,#779);
#535=LINE('',#4570,#780);
#536=LINE('',#4573,#781);
#537=LINE('',#4579,#782);
#538=LINE('',#4582,#783);
#539=LINE('',#4589,#784);
#540=LINE('',#4592,#785);
#541=LINE('',#4593,#786);
#542=LINE('',#4596,#787);
#543=LINE('',#4600,#788);
#544=LINE('',#4605,#789);
#545=LINE('',#4609,#790);
#546=LINE('',#4625,#791);
#547=LINE('',#4626,#792);
#548=LINE('',#4629,#793);
#549=LINE('',#4630,#794);
#550=LINE('',#4631,#795);
#551=LINE('',#4632,#796);
#552=LINE('',#4636,#797);
#553=LINE('',#4638,#798);
#554=LINE('',#4640,#799);
#555=LINE('',#4642,#800);
#556=LINE('',#4643,#801);
#557=LINE('',#4644,#802);
#558=LINE('',#4650,#803);
#559=LINE('',#4652,#804);
#560=LINE('',#4654,#805);
#561=LINE('',#4656,#806);
#562=LINE('',#4658,#807);
#563=LINE('',#4660,#808);
#564=LINE('',#4663,#809);
#565=LINE('',#4666,#810);
#566=LINE('',#4668,#811);
#567=LINE('',#4670,#812);
#568=LINE('',#4672,#813);
#569=LINE('',#4674,#814);
#570=LINE('',#4676,#815);
#571=LINE('',#4678,#816);
#572=LINE('',#4682,#817);
#573=LINE('',#4685,#818);
#574=LINE('',#4686,#819);
#575=LINE('',#4689,#820);
#576=LINE('',#4690,#821);
#577=LINE('',#4692,#822);
#578=LINE('',#4694,#823);
#579=LINE('',#4696,#824);
#580=LINE('',#4698,#825);
#581=LINE('',#4700,#826);
#582=LINE('',#4702,#827);
#583=LINE('',#4704,#828);
#584=LINE('',#4706,#829);
#585=LINE('',#4708,#830);
#586=LINE('',#4710,#831);
#587=LINE('',#4711,#832);
#588=LINE('',#4713,#833);
#589=LINE('',#4715,#834);
#590=LINE('',#4717,#835);
#591=LINE('',#4720,#836);
#592=LINE('',#4721,#837);
#593=LINE('',#4723,#838);
#594=LINE('',#4725,#839);
#595=LINE('',#4727,#840);
#596=LINE('',#4729,#841);
#597=LINE('',#4731,#842);
#598=LINE('',#4733,#843);
#599=LINE('',#4736,#844);
#600=LINE('',#4738,#845);
#601=LINE('',#4739,#846);
#602=LINE('',#4741,#847);
#603=LINE('',#4743,#848);
#604=LINE('',#4745,#849);
#605=LINE('',#4747,#850);
#606=LINE('',#4749,#851);
#607=LINE('',#4751,#852);
#608=LINE('',#4754,#853);
#609=LINE('',#4755,#854);
#610=LINE('',#4757,#855);
#611=LINE('',#4759,#856);
#612=LINE('',#4762,#857);
#613=LINE('',#4769,#858);
#614=LINE('',#4776,#859);
#615=LINE('',#4782,#860);
#616=LINE('',#4784,#861);
#617=LINE('',#4786,#862);
#618=LINE('',#4787,#863);
#619=LINE('',#4790,#864);
#620=LINE('',#4791,#865);
#621=LINE('',#4793,#866);
#622=LINE('',#4795,#867);
#623=LINE('',#4797,#868);
#624=LINE('',#4799,#869);
#625=LINE('',#4801,#870);
#626=LINE('',#4803,#871);
#627=LINE('',#4806,#872);
#628=LINE('',#4808,#873);
#629=LINE('',#4810,#874);
#630=LINE('',#4812,#875);
#631=LINE('',#4814,#876);
#632=LINE('',#4817,#877);
#633=LINE('',#4819,#878);
#634=LINE('',#4823,#879);
#635=LINE('',#4828,#880);
#636=LINE('',#4830,#881);
#637=LINE('',#4832,#882);
#638=VECTOR('',#3134,10.);
#639=VECTOR('',#3137,10.);
#640=VECTOR('',#3142,10.);
#641=VECTOR('',#3145,10.);
#642=VECTOR('',#3148,10.);
#643=VECTOR('',#3149,10.);
#644=VECTOR('',#3152,10.);
#645=VECTOR('',#3153,10.);
#646=VECTOR('',#3154,10.);
#647=VECTOR('',#3155,10.);
#648=VECTOR('',#3162,10.);
#649=VECTOR('',#3169,10.);
#650=VECTOR('',#3174,10.);
#651=VECTOR('',#3177,10.);
#652=VECTOR('',#3186,10.);
#653=VECTOR('',#3187,10.);
#654=VECTOR('',#3188,10.);
#655=VECTOR('',#3189,10.);
#656=VECTOR('',#3196,10.);
#657=VECTOR('',#3201,10.);
#658=VECTOR('',#3206,10.);
#659=VECTOR('',#3207,10.);
#660=VECTOR('',#3208,10.);
#661=VECTOR('',#3209,10.);
#662=VECTOR('',#3216,10.);
#663=VECTOR('',#3223,10.);
#664=VECTOR('',#3228,10.);
#665=VECTOR('',#3231,10.);
#666=VECTOR('',#3242,10.);
#667=VECTOR('',#3245,10.);
#668=VECTOR('',#3250,10.);
#669=VECTOR('',#3255,10.);
#670=VECTOR('',#3260,10.);
#671=VECTOR('',#3263,10.);
#672=VECTOR('',#3270,10.);
#673=VECTOR('',#3275,10.);
#674=VECTOR('',#3280,10.);
#675=VECTOR('',#3281,10.);
#676=VECTOR('',#3282,10.);
#677=VECTOR('',#3283,10.);
#678=VECTOR('',#3286,10.);
#679=VECTOR('',#3287,10.);
#680=VECTOR('',#3288,10.);
#681=VECTOR('',#3289,10.);
#682=VECTOR('',#3296,10.);
#683=VECTOR('',#3301,10.);
#684=VECTOR('',#3304,10.);
#685=VECTOR('',#3305,10.);
#686=VECTOR('',#3306,10.);
#687=VECTOR('',#3307,10.);
#688=VECTOR('',#3310,10.);
#689=VECTOR('',#3311,10.);
#690=VECTOR('',#3312,10.);
#691=VECTOR('',#3313,10.);
#692=VECTOR('',#3320,10.);
#693=VECTOR('',#3325,10.);
#694=VECTOR('',#3328,10.);
#695=VECTOR('',#3329,10.);
#696=VECTOR('',#3330,10.);
#697=VECTOR('',#3331,10.);
#698=VECTOR('',#3332,10.);
#699=VECTOR('',#3339,10.);
#700=VECTOR('',#3344,10.);
#701=VECTOR('',#3347,10.);
#702=VECTOR('',#3350,10.);
#703=VECTOR('',#3353,10.);
#704=VECTOR('',#3356,10.);
#705=VECTOR('',#3361,10.);
#706=VECTOR('',#3368,10.);
#707=VECTOR('',#3371,10.);
#708=VECTOR('',#3374,10.);
#709=VECTOR('',#3377,10.);
#710=VECTOR('',#3380,10.);
#711=VECTOR('',#3383,10.);
#712=VECTOR('',#3386,10.);
#713=VECTOR('',#3389,10.);
#714=VECTOR('',#3392,10.);
#715=VECTOR('',#3399,10.);
#716=VECTOR('',#3404,10.);
#717=VECTOR('',#3407,10.);
#718=VECTOR('',#3410,10.);
#719=VECTOR('',#3411,10.);
#720=VECTOR('',#3412,10.);
#721=VECTOR('',#3413,10.);
#722=VECTOR('',#3418,10.);
#723=VECTOR('',#3421,10.);
#724=VECTOR('',#3424,10.);
#725=VECTOR('',#3427,10.);
#726=VECTOR('',#3430,10.);
#727=VECTOR('',#3433,10.);
#728=VECTOR('',#3438,10.);
#729=VECTOR('',#3445,10.);
#730=VECTOR('',#3452,10.);
#731=VECTOR('',#3455,10.);
#732=VECTOR('',#3458,10.);
#733=VECTOR('',#3461,10.);
#734=VECTOR('',#3464,10.);
#735=VECTOR('',#3467,10.);
#736=VECTOR('',#3470,10.);
#737=VECTOR('',#3473,10.);
#738=VECTOR('',#3476,10.);
#739=VECTOR('',#3481,10.);
#740=VECTOR('',#3484,10.);
#741=VECTOR('',#3489,10.);
#742=VECTOR('',#3492,10.);
#743=VECTOR('',#3495,10.);
#744=VECTOR('',#3496,10.);
#745=VECTOR('',#3497,10.);
#746=VECTOR('',#3502,10.);
#747=VECTOR('',#3503,10.);
#748=VECTOR('',#3508,10.);
#749=VECTOR('',#3509,10.);
#750=VECTOR('',#3512,10.);
#751=VECTOR('',#3515,10.);
#752=VECTOR('',#3518,10.);
#753=VECTOR('',#3523,10.);
#754=VECTOR('',#3526,10.);
#755=VECTOR('',#3533,10.);
#756=VECTOR('',#3536,10.);
#757=VECTOR('',#3539,10.);
#758=VECTOR('',#3542,10.);
#759=VECTOR('',#3547,10.);
#760=VECTOR('',#3560,10.);
#761=VECTOR('',#3563,10.);
#762=VECTOR('',#3566,10.);
#763=VECTOR('',#3569,10.);
#764=VECTOR('',#3572,10.);
#765=VECTOR('',#3577,10.);
#766=VECTOR('',#3580,10.);
#767=VECTOR('',#3583,10.);
#768=VECTOR('',#3586,10.);
#769=VECTOR('',#3589,10.);
#770=VECTOR('',#3608,10.);
#771=VECTOR('',#3611,10.);
#772=VECTOR('',#3614,10.);
#773=VECTOR('',#3617,10.);
#774=VECTOR('',#3620,10.);
#775=VECTOR('',#3623,10.);
#776=VECTOR('',#3626,10.);
#777=VECTOR('',#3629,10.);
#778=VECTOR('',#3632,10.);
#779=VECTOR('',#3635,10.);
#780=VECTOR('',#3638,10.);
#781=VECTOR('',#3641,10.);
#782=VECTOR('',#3646,10.);
#783=VECTOR('',#3649,10.);
#784=VECTOR('',#3656,10.);
#785=VECTOR('',#3659,10.);
#786=VECTOR('',#3660,10.);
#787=VECTOR('',#3663,10.);
#788=VECTOR('',#3666,10.);
#789=VECTOR('',#3671,10.);
#790=VECTOR('',#3674,10.);
#791=VECTOR('',#3691,10.);
#792=VECTOR('',#3692,10.);
#793=VECTOR('',#3695,10.);
#794=VECTOR('',#3696,10.);
#795=VECTOR('',#3697,10.);
#796=VECTOR('',#3698,10.);
#797=VECTOR('',#3705,10.);
#798=VECTOR('',#3708,10.);
#799=VECTOR('',#3711,10.);
#800=VECTOR('',#3714,10.);
#801=VECTOR('',#3715,10.);
#802=VECTOR('',#3716,10.);
#803=VECTOR('',#3725,10.);
#804=VECTOR('',#3728,10.);
#805=VECTOR('',#3731,10.);
#806=VECTOR('',#3734,10.);
#807=VECTOR('',#3737,10.);
#808=VECTOR('',#3740,10.);
#809=VECTOR('',#3745,10.);
#810=VECTOR('',#3750,10.);
#811=VECTOR('',#3753,10.);
#812=VECTOR('',#3756,10.);
#813=VECTOR('',#3759,10.);
#814=VECTOR('',#3762,10.);
#815=VECTOR('',#3765,10.);
#816=VECTOR('',#3768,10.);
#817=VECTOR('',#3775,10.);
#818=VECTOR('',#3780,10.);
#819=VECTOR('',#3781,10.);
#820=VECTOR('',#3786,10.);
#821=VECTOR('',#3787,10.);
#822=VECTOR('',#3790,10.);
#823=VECTOR('',#3793,10.);
#824=VECTOR('',#3796,10.);
#825=VECTOR('',#3799,10.);
#826=VECTOR('',#3802,10.);
#827=VECTOR('',#3805,10.);
#828=VECTOR('',#3808,10.);
#829=VECTOR('',#3811,10.);
#830=VECTOR('',#3814,10.);
#831=VECTOR('',#3817,10.);
#832=VECTOR('',#3818,10.);
#833=VECTOR('',#3821,10.);
#834=VECTOR('',#3824,10.);
#835=VECTOR('',#3827,10.);
#836=VECTOR('',#3832,10.);
#837=VECTOR('',#3833,10.);
#838=VECTOR('',#3836,10.);
#839=VECTOR('',#3839,10.);
#840=VECTOR('',#3842,10.);
#841=VECTOR('',#3845,10.);
#842=VECTOR('',#3848,10.);
#843=VECTOR('',#3851,10.);
#844=VECTOR('',#3856,10.);
#845=VECTOR('',#3859,10.);
#846=VECTOR('',#3860,10.);
#847=VECTOR('',#3863,10.);
#848=VECTOR('',#3866,10.);
#849=VECTOR('',#3869,10.);
#850=VECTOR('',#3872,10.);
#851=VECTOR('',#3875,10.);
#852=VECTOR('',#3878,10.);
#853=VECTOR('',#3883,10.);
#854=VECTOR('',#3884,10.);
#855=VECTOR('',#3887,10.);
#856=VECTOR('',#3890,10.);
#857=VECTOR('',#3893,2.6);
#858=VECTOR('',#3902,2.6);
#859=VECTOR('',#3911,2.6);
#860=VECTOR('',#3920,10.);
#861=VECTOR('',#3923,10.);
#862=VECTOR('',#3926,10.);
#863=VECTOR('',#3927,10.);
#864=VECTOR('',#3932,10.);
#865=VECTOR('',#3933,10.);
#866=VECTOR('',#3936,10.);
#867=VECTOR('',#3939,10.);
#868=VECTOR('',#3942,10.);
#869=VECTOR('',#3945,10.);
#870=VECTOR('',#3948,10.);
#871=VECTOR('',#3951,10.);
#872=VECTOR('',#3956,10.);
#873=VECTOR('',#3959,10.);
#874=VECTOR('',#3962,10.);
#875=VECTOR('',#3965,10.);
#876=VECTOR('',#3968,10.);
#877=VECTOR('',#3973,1.65);
#878=VECTOR('',#3976,1.65);
#879=VECTOR('',#3983,10.);
#880=VECTOR('',#3992,1.025);
#881=VECTOR('',#3995,1.65);
#882=VECTOR('',#3998,1.025);
#883=CIRCLE('',#2817,0.649999999999999);
#884=CIRCLE('',#2818,0.649999999999999);
#885=CIRCLE('',#2820,0.650000000000001);
#886=CIRCLE('',#2821,0.650000000000001);
#887=CIRCLE('',#2825,0.649999999999999);
#888=CIRCLE('',#2826,0.649999999999999);
#889=CIRCLE('',#2828,1.0000000383028);
#890=CIRCLE('',#2829,1.);
#891=CIRCLE('',#2831,0.999999936800381);
#892=CIRCLE('',#2832,1.);
#893=CIRCLE('',#2834,0.649999999999999);
#894=CIRCLE('',#2835,0.649999999999999);
#895=CIRCLE('',#2838,0.649999999999999);
#896=CIRCLE('',#2839,0.649999999999999);
#897=CIRCLE('',#2841,0.649999999999999);
#898=CIRCLE('',#2842,0.649999999999999);
#899=CIRCLE('',#2845,0.650000000000001);
#900=CIRCLE('',#2846,0.650000000000001);
#901=CIRCLE('',#2848,0.999999961697204);
#902=CIRCLE('',#2849,1.);
#903=CIRCLE('',#2851,1.00000006319962);
#904=CIRCLE('',#2852,1.);
#905=CIRCLE('',#2854,0.649999999999999);
#906=CIRCLE('',#2855,0.649999999999999);
#907=CIRCLE('',#2857,0.649999999999999);
#908=CIRCLE('',#2858,0.649999999999999);
#909=CIRCLE('',#2860,1.);
#910=CIRCLE('',#2861,1.);
#911=CIRCLE('',#2862,1.);
#912=CIRCLE('',#2863,1.);
#913=CIRCLE('',#2865,0.649999999999999);
#914=CIRCLE('',#2866,0.649999999999999);
#915=CIRCLE('',#2868,1.);
#916=CIRCLE('',#2869,1.);
#917=CIRCLE('',#2870,1.);
#918=CIRCLE('',#2871,1.);
#919=CIRCLE('',#2875,1.65);
#920=CIRCLE('',#2876,1.20000000000003);
#921=CIRCLE('',#2877,1.19999999999999);
#922=CIRCLE('',#2878,1.64999999999999);
#923=CIRCLE('',#2882,1.65);
#924=CIRCLE('',#2883,1.19999999999999);
#925=CIRCLE('',#2884,1.20000000000003);
#926=CIRCLE('',#2885,1.65);
#927=CIRCLE('',#2888,0.649999999999999);
#928=CIRCLE('',#2889,1.);
#929=CIRCLE('',#2890,1.);
#930=CIRCLE('',#2891,0.649999999999999);
#931=CIRCLE('',#2892,2.00000000000001);
#932=CIRCLE('',#2893,1.99999999999978);
#933=CIRCLE('',#2894,2.0000000000001);
#934=CIRCLE('',#2895,1.99999999999973);
#935=CIRCLE('',#2896,0.649999999999999);
#936=CIRCLE('',#2897,1.);
#937=CIRCLE('',#2898,1.);
#938=CIRCLE('',#2899,0.649999999999999);
#939=CIRCLE('',#2900,1.64999999999999);
#940=CIRCLE('',#2901,2.);
#941=CIRCLE('',#2902,2.);
#942=CIRCLE('',#2903,0.599999999999786);
#943=CIRCLE('',#2904,2.39999999999973);
#944=CIRCLE('',#2905,1.6000000000001);
#945=CIRCLE('',#2906,1.59999999999978);
#946=CIRCLE('',#2907,2.40000000000001);
#947=CIRCLE('',#2908,0.599999999999994);
#948=CIRCLE('',#2909,0.5);
#949=CIRCLE('',#2910,17.5);
#950=CIRCLE('',#2911,2.);
#951=CIRCLE('',#2912,1.65);
#952=CIRCLE('',#2914,1.64999999999999);
#953=CIRCLE('',#2917,1.);
#954=CIRCLE('',#2918,1.);
#955=CIRCLE('',#2919,1.99999999999973);
#956=CIRCLE('',#2920,2.0000000000001);
#957=CIRCLE('',#2921,1.99999999999978);
#958=CIRCLE('',#2922,2.00000000000001);
#959=CIRCLE('',#2923,0.649999999999999);
#960=CIRCLE('',#2924,1.);
#961=CIRCLE('',#2925,1.);
#962=CIRCLE('',#2926,0.649999999999999);
#963=CIRCLE('',#2927,1.65);
#964=CIRCLE('',#2928,2.);
#965=CIRCLE('',#2929,17.5);
#966=CIRCLE('',#2930,0.5);
#967=CIRCLE('',#2931,0.599999999999993);
#968=CIRCLE('',#2932,2.40000000000001);
#969=CIRCLE('',#2933,1.59999999999977);
#970=CIRCLE('',#2934,1.6000000000001);
#971=CIRCLE('',#2935,2.39999999999973);
#972=CIRCLE('',#2936,0.600000000000003);
#973=CIRCLE('',#2937,2.);
#974=CIRCLE('',#2938,2.);
#975=CIRCLE('',#2939,1.65);
#976=CIRCLE('',#2941,1.65);
#977=CIRCLE('',#2943,2.);
#978=CIRCLE('',#2944,2.);
#979=CIRCLE('',#2947,2.);
#980=CIRCLE('',#2949,17.5);
#981=CIRCLE('',#2950,17.5);
#982=CIRCLE('',#2952,1.20000000000003);
#983=CIRCLE('',#2953,1.19999999999999);
#984=CIRCLE('',#2954,1.65);
#985=CIRCLE('',#2955,2.);
#986=CIRCLE('',#2956,0.5);
#987=CIRCLE('',#2957,17.5);
#988=CIRCLE('',#2958,0.5);
#989=CIRCLE('',#2959,2.);
#990=CIRCLE('',#2960,2.);
#991=CIRCLE('',#2961,1.19999999999999);
#992=CIRCLE('',#2962,1.20000000000003);
#993=CIRCLE('',#2963,1.65);
#994=CIRCLE('',#2964,2.);
#995=CIRCLE('',#2965,1.);
#996=CIRCLE('',#2966,0.649999999999999);
#997=CIRCLE('',#2967,0.649999999999999);
#998=CIRCLE('',#2968,1.);
#999=CIRCLE('',#2969,0.649999999999999);
#1000=CIRCLE('',#2970,2.00000000000001);
#1001=CIRCLE('',#2971,1.99999999999978);
#1002=CIRCLE('',#2972,2.0000000000001);
#1003=CIRCLE('',#2973,1.99999999999973);
#1004=CIRCLE('',#2974,1.);
#1005=CIRCLE('',#2975,0.649999999999999);
#1006=CIRCLE('',#2976,1.99999999999973);
#1007=CIRCLE('',#2977,2.0000000000001);
#1008=CIRCLE('',#2978,1.99999999999978);
#1009=CIRCLE('',#2979,2.00000000000001);
#1010=CIRCLE('',#2980,0.649999999999999);
#1011=CIRCLE('',#2981,1.);
#1012=CIRCLE('',#2982,0.649999999999999);
#1013=CIRCLE('',#2983,2.6);
#1014=CIRCLE('',#2984,2.6);
#1015=CIRCLE('',#2985,2.6);
#1016=CIRCLE('',#2986,1.025);
#1017=CIRCLE('',#2987,1.025);
#1018=CIRCLE('',#2988,1.6000000000001);
#1019=CIRCLE('',#2989,1.59999999999977);
#1020=CIRCLE('',#2990,2.40000000000001);
#1021=CIRCLE('',#2991,0.599999999999993);
#1022=CIRCLE('',#2992,0.600000000000003);
#1023=CIRCLE('',#2993,2.39999999999973);
#1024=CIRCLE('',#2994,0.599999999999786);
#1025=CIRCLE('',#2995,0.599999999999994);
#1026=CIRCLE('',#2996,2.40000000000001);
#1027=CIRCLE('',#2997,1.59999999999978);
#1028=CIRCLE('',#2998,1.6000000000001);
#1029=CIRCLE('',#2999,2.39999999999973);
#1030=CIRCLE('',#3001,2.);
#1031=CIRCLE('',#3002,2.);
#1032=CIRCLE('',#3004,17.5);
#1033=CIRCLE('',#3005,17.5);
#1034=CIRCLE('',#3006,17.5);
#1035=CIRCLE('',#3008,2.);
#1036=CIRCLE('',#3009,0.5);
#1037=CIRCLE('',#3010,0.5);
#1038=CIRCLE('',#3011,2.);
#1039=CIRCLE('',#3012,2.);
#1040=CIRCLE('',#3013,1.025);
#1041=CIRCLE('',#3014,1.65);
#1042=CIRCLE('',#3015,1.025);
#1043=CIRCLE('',#3016,1.65);
#1044=CIRCLE('',#3017,1.65);
#1045=CIRCLE('',#3019,2.);
#1046=CIRCLE('',#3022,2.);
#1047=CIRCLE('',#3028,0.5);
#1048=CIRCLE('',#3030,0.5);
#1049=CIRCLE('',#3088,2.6);
#1050=CIRCLE('',#3090,1.65);
#1051=CIRCLE('',#3092,2.6);
#1052=CIRCLE('',#3094,1.65);
#1053=CIRCLE('',#3096,2.6);
#1054=CIRCLE('',#3098,1.65);
#1055=VERTEX_POINT('',#4001);
#1056=VERTEX_POINT('',#4002);
#1057=VERTEX_POINT('',#4004);
#1058=VERTEX_POINT('',#4006);
#1059=VERTEX_POINT('',#4010);
#1060=VERTEX_POINT('',#4011);
#1061=VERTEX_POINT('',#4013);
#1062=VERTEX_POINT('',#4015);
#1063=VERTEX_POINT('',#4022);
#1064=VERTEX_POINT('',#4023);
#1065=VERTEX_POINT('',#4025);
#1066=VERTEX_POINT('',#4027);
#1067=VERTEX_POINT('',#4031);
#1068=VERTEX_POINT('',#4033);
#1069=VERTEX_POINT('',#4037);
#1070=VERTEX_POINT('',#4039);
#1071=VERTEX_POINT('',#4043);
#1072=VERTEX_POINT('',#4044);
#1073=VERTEX_POINT('',#4046);
#1074=VERTEX_POINT('',#4048);
#1075=VERTEX_POINT('',#4055);
#1076=VERTEX_POINT('',#4056);
#1077=VERTEX_POINT('',#4058);
#1078=VERTEX_POINT('',#4060);
#1079=VERTEX_POINT('',#4064);
#1080=VERTEX_POINT('',#4066);
#1081=VERTEX_POINT('',#4070);
#1082=VERTEX_POINT('',#4072);
#1083=VERTEX_POINT('',#4076);
#1084=VERTEX_POINT('',#4077);
#1085=VERTEX_POINT('',#4079);
#1086=VERTEX_POINT('',#4081);
#1087=VERTEX_POINT('',#4085);
#1088=VERTEX_POINT('',#4087);
#1089=VERTEX_POINT('',#4091);
#1090=VERTEX_POINT('',#4093);
#1091=VERTEX_POINT('',#4097);
#1092=VERTEX_POINT('',#4098);
#1093=VERTEX_POINT('',#4100);
#1094=VERTEX_POINT('',#4102);
#1095=VERTEX_POINT('',#4109);
#1096=VERTEX_POINT('',#4111);
#1097=VERTEX_POINT('',#4113);
#1098=VERTEX_POINT('',#4117);
#1099=VERTEX_POINT('',#4119);
#1100=VERTEX_POINT('',#4122);
#1101=VERTEX_POINT('',#4124);
#1102=VERTEX_POINT('',#4128);
#1103=VERTEX_POINT('',#4130);
#1104=VERTEX_POINT('',#4132);
#1105=VERTEX_POINT('',#4136);
#1106=VERTEX_POINT('',#4138);
#1107=VERTEX_POINT('',#4141);
#1108=VERTEX_POINT('',#4143);
#1109=VERTEX_POINT('',#4147);
#1110=VERTEX_POINT('',#4148);
#1111=VERTEX_POINT('',#4150);
#1112=VERTEX_POINT('',#4152);
#1113=VERTEX_POINT('',#4156);
#1114=VERTEX_POINT('',#4157);
#1115=VERTEX_POINT('',#4159);
#1116=VERTEX_POINT('',#4161);
#1117=VERTEX_POINT('',#4165);
#1118=VERTEX_POINT('',#4167);
#1119=VERTEX_POINT('',#4169);
#1120=VERTEX_POINT('',#4171);
#1121=VERTEX_POINT('',#4176);
#1122=VERTEX_POINT('',#4177);
#1123=VERTEX_POINT('',#4179);
#1124=VERTEX_POINT('',#4181);
#1125=VERTEX_POINT('',#4185);
#1126=VERTEX_POINT('',#4186);
#1127=VERTEX_POINT('',#4188);
#1128=VERTEX_POINT('',#4190);
#1129=VERTEX_POINT('',#4194);
#1130=VERTEX_POINT('',#4196);
#1131=VERTEX_POINT('',#4198);
#1132=VERTEX_POINT('',#4200);
#1133=VERTEX_POINT('',#4205);
#1134=VERTEX_POINT('',#4207);
#1135=VERTEX_POINT('',#4209);
#1136=VERTEX_POINT('',#4211);
#1137=VERTEX_POINT('',#4215);
#1138=VERTEX_POINT('',#4217);
#1139=VERTEX_POINT('',#4219);
#1140=VERTEX_POINT('',#4221);
#1141=VERTEX_POINT('',#4223);
#1142=VERTEX_POINT('',#4225);
#1143=VERTEX_POINT('',#4227);
#1144=VERTEX_POINT('',#4229);
#1145=VERTEX_POINT('',#4231);
#1146=VERTEX_POINT('',#4233);
#1147=VERTEX_POINT('',#4235);
#1148=VERTEX_POINT('',#4237);
#1149=VERTEX_POINT('',#4239);
#1150=VERTEX_POINT('',#4241);
#1151=VERTEX_POINT('',#4243);
#1152=VERTEX_POINT('',#4245);
#1153=VERTEX_POINT('',#4247);
#1154=VERTEX_POINT('',#4249);
#1155=VERTEX_POINT('',#4252);
#1156=VERTEX_POINT('',#4254);
#1157=VERTEX_POINT('',#4256);
#1158=VERTEX_POINT('',#4258);
#1159=VERTEX_POINT('',#4260);
#1160=VERTEX_POINT('',#4262);
#1161=VERTEX_POINT('',#4264);
#1162=VERTEX_POINT('',#4266);
#1163=VERTEX_POINT('',#4268);
#1164=VERTEX_POINT('',#4270);
#1165=VERTEX_POINT('',#4272);
#1166=VERTEX_POINT('',#4274);
#1167=VERTEX_POINT('',#4276);
#1168=VERTEX_POINT('',#4278);
#1169=VERTEX_POINT('',#4280);
#1170=VERTEX_POINT('',#4282);
#1171=VERTEX_POINT('',#4284);
#1172=VERTEX_POINT('',#4286);
#1173=VERTEX_POINT('',#4288);
#1174=VERTEX_POINT('',#4290);
#1175=VERTEX_POINT('',#4292);
#1176=VERTEX_POINT('',#4294);
#1177=VERTEX_POINT('',#4298);
#1178=VERTEX_POINT('',#4300);
#1179=VERTEX_POINT('',#4304);
#1180=VERTEX_POINT('',#4306);
#1181=VERTEX_POINT('',#4311);
#1182=VERTEX_POINT('',#4313);
#1183=VERTEX_POINT('',#4316);
#1184=VERTEX_POINT('',#4318);
#1185=VERTEX_POINT('',#4320);
#1186=VERTEX_POINT('',#4322);
#1187=VERTEX_POINT('',#4324);
#1188=VERTEX_POINT('',#4326);
#1189=VERTEX_POINT('',#4328);
#1190=VERTEX_POINT('',#4330);
#1191=VERTEX_POINT('',#4332);
#1192=VERTEX_POINT('',#4334);
#1193=VERTEX_POINT('',#4336);
#1194=VERTEX_POINT('',#4338);
#1195=VERTEX_POINT('',#4340);
#1196=VERTEX_POINT('',#4343);
#1197=VERTEX_POINT('',#4345);
#1198=VERTEX_POINT('',#4347);
#1199=VERTEX_POINT('',#4349);
#1200=VERTEX_POINT('',#4351);
#1201=VERTEX_POINT('',#4353);
#1202=VERTEX_POINT('',#4355);
#1203=VERTEX_POINT('',#4357);
#1204=VERTEX_POINT('',#4359);
#1205=VERTEX_POINT('',#4361);
#1206=VERTEX_POINT('',#4363);
#1207=VERTEX_POINT('',#4365);
#1208=VERTEX_POINT('',#4367);
#1209=VERTEX_POINT('',#4369);
#1210=VERTEX_POINT('',#4371);
#1211=VERTEX_POINT('',#4373);
#1212=VERTEX_POINT('',#4375);
#1213=VERTEX_POINT('',#4377);
#1214=VERTEX_POINT('',#4379);
#1215=VERTEX_POINT('',#4381);
#1216=VERTEX_POINT('',#4383);
#1217=VERTEX_POINT('',#4385);
#1218=VERTEX_POINT('',#4389);
#1219=VERTEX_POINT('',#4391);
#1220=VERTEX_POINT('',#4395);
#1221=VERTEX_POINT('',#4396);
#1222=VERTEX_POINT('',#4398);
#1223=VERTEX_POINT('',#4400);
#1224=VERTEX_POINT('',#4404);
#1225=VERTEX_POINT('',#4406);
#1226=VERTEX_POINT('',#4410);
#1227=VERTEX_POINT('',#4411);
#1228=VERTEX_POINT('',#4416);
#1229=VERTEX_POINT('',#4419);
#1230=VERTEX_POINT('',#4421);
#1231=VERTEX_POINT('',#4426);
#1232=VERTEX_POINT('',#4428);
#1233=VERTEX_POINT('',#4430);
#1234=VERTEX_POINT('',#4432);
#1235=VERTEX_POINT('',#4434);
#1236=VERTEX_POINT('',#4436);
#1237=VERTEX_POINT('',#4439);
#1238=VERTEX_POINT('',#4441);
#1239=VERTEX_POINT('',#4443);
#1240=VERTEX_POINT('',#4445);
#1241=VERTEX_POINT('',#4447);
#1242=VERTEX_POINT('',#4449);
#1243=VERTEX_POINT('',#4451);
#1244=VERTEX_POINT('',#4454);
#1245=VERTEX_POINT('',#4456);
#1246=VERTEX_POINT('',#4458);
#1247=VERTEX_POINT('',#4460);
#1248=VERTEX_POINT('',#4462);
#1249=VERTEX_POINT('',#4465);
#1250=VERTEX_POINT('',#4468);
#1251=VERTEX_POINT('',#4471);
#1252=VERTEX_POINT('',#4473);
#1253=VERTEX_POINT('',#4475);
#1254=VERTEX_POINT('',#4477);
#1255=VERTEX_POINT('',#4479);
#1256=VERTEX_POINT('',#4481);
#1257=VERTEX_POINT('',#4483);
#1258=VERTEX_POINT('',#4485);
#1259=VERTEX_POINT('',#4487);
#1260=VERTEX_POINT('',#4490);
#1261=VERTEX_POINT('',#4492);
#1262=VERTEX_POINT('',#4494);
#1263=VERTEX_POINT('',#4496);
#1264=VERTEX_POINT('',#4498);
#1265=VERTEX_POINT('',#4500);
#1266=VERTEX_POINT('',#4502);
#1267=VERTEX_POINT('',#4504);
#1268=VERTEX_POINT('',#4506);
#1269=VERTEX_POINT('',#4508);
#1270=VERTEX_POINT('',#4510);
#1271=VERTEX_POINT('',#4512);
#1272=VERTEX_POINT('',#4516);
#1273=VERTEX_POINT('',#4518);
#1274=VERTEX_POINT('',#4520);
#1275=VERTEX_POINT('',#4522);
#1276=VERTEX_POINT('',#4524);
#1277=VERTEX_POINT('',#4526);
#1278=VERTEX_POINT('',#4527);
#1279=VERTEX_POINT('',#4529);
#1280=VERTEX_POINT('',#4531);
#1281=VERTEX_POINT('',#4533);
#1282=VERTEX_POINT('',#4535);
#1283=VERTEX_POINT('',#4537);
#1284=VERTEX_POINT('',#4539);
#1285=VERTEX_POINT('',#4541);
#1286=VERTEX_POINT('',#4543);
#1287=VERTEX_POINT('',#4545);
#1288=VERTEX_POINT('',#4547);
#1289=VERTEX_POINT('',#4550);
#1290=VERTEX_POINT('',#4551);
#1291=VERTEX_POINT('',#4553);
#1292=VERTEX_POINT('',#4555);
#1293=VERTEX_POINT('',#4557);
#1294=VERTEX_POINT('',#4559);
#1295=VERTEX_POINT('',#4561);
#1296=VERTEX_POINT('',#4563);
#1297=VERTEX_POINT('',#4565);
#1298=VERTEX_POINT('',#4567);
#1299=VERTEX_POINT('',#4569);
#1300=VERTEX_POINT('',#4571);
#1301=VERTEX_POINT('',#4575);
#1302=VERTEX_POINT('',#4576);
#1303=VERTEX_POINT('',#4578);
#1304=VERTEX_POINT('',#4580);
#1305=VERTEX_POINT('',#4584);
#1306=VERTEX_POINT('',#4586);
#1307=VERTEX_POINT('',#4588);
#1308=VERTEX_POINT('',#4590);
#1309=VERTEX_POINT('',#4595);
#1310=VERTEX_POINT('',#4597);
#1311=VERTEX_POINT('',#4599);
#1312=VERTEX_POINT('',#4602);
#1313=VERTEX_POINT('',#4604);
#1314=VERTEX_POINT('',#4606);
#1315=VERTEX_POINT('',#4608);
#1316=VERTEX_POINT('',#4611);
#1317=VERTEX_POINT('',#4613);
#1318=VERTEX_POINT('',#4615);
#1319=VERTEX_POINT('',#4617);
#1320=VERTEX_POINT('',#4619);
#1321=VERTEX_POINT('',#4622);
#1322=VERTEX_POINT('',#4623);
#1323=VERTEX_POINT('',#4628);
#1324=VERTEX_POINT('',#4648);
#1325=VERTEX_POINT('',#4761);
#1326=VERTEX_POINT('',#4765);
#1327=VERTEX_POINT('',#4768);
#1328=VERTEX_POINT('',#4772);
#1329=VERTEX_POINT('',#4775);
#1330=VERTEX_POINT('',#4779);
#1331=EDGE_CURVE('',#1055,#1056,#883,.T.);
#1332=EDGE_CURVE('',#1057,#1055,#393,.T.);
#1333=EDGE_CURVE('',#1058,#1057,#884,.T.);
#1334=EDGE_CURVE('',#1058,#1056,#394,.T.);
#1335=EDGE_CURVE('',#1059,#1060,#885,.T.);
#1336=EDGE_CURVE('',#1061,#1059,#395,.T.);
#1337=EDGE_CURVE('',#1062,#1061,#886,.T.);
#1338=EDGE_CURVE('',#1062,#1060,#396,.T.);
#1339=EDGE_CURVE('',#1060,#1055,#397,.T.);
#1340=EDGE_CURVE('',#1057,#1062,#398,.T.);
#1341=EDGE_CURVE('',#1063,#1064,#399,.T.);
#1342=EDGE_CURVE('',#1065,#1063,#400,.T.);
#1343=EDGE_CURVE('',#1066,#1065,#401,.T.);
#1344=EDGE_CURVE('',#1066,#1064,#402,.T.);
#1345=EDGE_CURVE('',#1064,#1067,#887,.T.);
#1346=EDGE_CURVE('',#1068,#1066,#888,.T.);
#1347=EDGE_CURVE('',#1068,#1067,#403,.T.);
#1348=EDGE_CURVE('',#1067,#1069,#889,.T.);
#1349=EDGE_CURVE('',#1070,#1068,#890,.T.);
#1350=EDGE_CURVE('',#1070,#1069,#404,.T.);
#1351=EDGE_CURVE('',#1071,#1072,#891,.T.);
#1352=EDGE_CURVE('',#1073,#1071,#405,.T.);
#1353=EDGE_CURVE('',#1074,#1073,#892,.T.);
#1354=EDGE_CURVE('',#1074,#1072,#406,.T.);
#1355=EDGE_CURVE('',#1072,#1063,#893,.T.);
#1356=EDGE_CURVE('',#1065,#1074,#894,.T.);
#1357=EDGE_CURVE('',#1075,#1076,#407,.T.);
#1358=EDGE_CURVE('',#1077,#1075,#408,.T.);
#1359=EDGE_CURVE('',#1078,#1077,#409,.T.);
#1360=EDGE_CURVE('',#1078,#1076,#410,.T.);
#1361=EDGE_CURVE('',#1076,#1079,#895,.T.);
#1362=EDGE_CURVE('',#1080,#1078,#896,.T.);
#1363=EDGE_CURVE('',#1080,#1079,#411,.T.);
#1364=EDGE_CURVE('',#1081,#1075,#897,.T.);
#1365=EDGE_CURVE('',#1082,#1081,#412,.T.);
#1366=EDGE_CURVE('',#1077,#1082,#898,.T.);
#1367=EDGE_CURVE('',#1083,#1084,#413,.T.);
#1368=EDGE_CURVE('',#1085,#1083,#414,.T.);
#1369=EDGE_CURVE('',#1086,#1085,#415,.T.);
#1370=EDGE_CURVE('',#1086,#1084,#416,.T.);
#1371=EDGE_CURVE('',#1084,#1087,#899,.T.);
#1372=EDGE_CURVE('',#1088,#1086,#900,.T.);
#1373=EDGE_CURVE('',#1088,#1087,#417,.T.);
#1374=EDGE_CURVE('',#1087,#1089,#901,.T.);
#1375=EDGE_CURVE('',#1090,#1088,#902,.T.);
#1376=EDGE_CURVE('',#1090,#1089,#418,.T.);
#1377=EDGE_CURVE('',#1091,#1092,#903,.T.);
#1378=EDGE_CURVE('',#1093,#1091,#419,.T.);
#1379=EDGE_CURVE('',#1094,#1093,#904,.T.);
#1380=EDGE_CURVE('',#1094,#1092,#420,.T.);
#1381=EDGE_CURVE('',#1092,#1083,#905,.T.);
#1382=EDGE_CURVE('',#1085,#1094,#906,.T.);
#1383=EDGE_CURVE('',#1095,#1071,#907,.T.);
#1384=EDGE_CURVE('',#1096,#1095,#421,.T.);
#1385=EDGE_CURVE('',#1096,#1097,#908,.T.);
#1386=EDGE_CURVE('',#1073,#1097,#422,.T.);
#1387=EDGE_CURVE('',#1098,#1061,#909,.T.);
#1388=EDGE_CURVE('',#1099,#1098,#423,.T.);
#1389=EDGE_CURVE('',#1080,#1099,#910,.T.);
#1390=EDGE_CURVE('',#1100,#1082,#911,.T.);
#1391=EDGE_CURVE('',#1101,#1100,#424,.T.);
#1392=EDGE_CURVE('',#1058,#1101,#912,.T.);
#1393=EDGE_CURVE('',#1102,#1090,#425,.T.);
#1394=EDGE_CURVE('',#1102,#1103,#913,.T.);
#1395=EDGE_CURVE('',#1103,#1104,#426,.T.);
#1396=EDGE_CURVE('',#1089,#1104,#914,.T.);
#1397=EDGE_CURVE('',#1105,#1074,#915,.T.);
#1398=EDGE_CURVE('',#1106,#1105,#427,.T.);
#1399=EDGE_CURVE('',#1088,#1106,#916,.T.);
#1400=EDGE_CURVE('',#1107,#1094,#917,.T.);
#1401=EDGE_CURVE('',#1108,#1107,#428,.T.);
#1402=EDGE_CURVE('',#1068,#1108,#918,.T.);
#1403=EDGE_CURVE('',#1109,#1110,#429,.T.);
#1404=EDGE_CURVE('',#1111,#1109,#430,.T.);
#1405=EDGE_CURVE('',#1112,#1111,#431,.T.);
#1406=EDGE_CURVE('',#1112,#1110,#432,.T.);
#1407=EDGE_CURVE('',#1113,#1114,#433,.T.);
#1408=EDGE_CURVE('',#1113,#1115,#434,.T.);
#1409=EDGE_CURVE('',#1116,#1115,#435,.T.);
#1410=EDGE_CURVE('',#1114,#1116,#436,.T.);
#1411=EDGE_CURVE('',#1117,#1113,#919,.T.);
#1412=EDGE_CURVE('',#1118,#1117,#920,.T.);
#1413=EDGE_CURVE('',#1119,#1118,#437,.T.);
#1414=EDGE_CURVE('',#1120,#1119,#921,.T.);
#1415=EDGE_CURVE('',#1110,#1120,#922,.T.);
#1416=EDGE_CURVE('',#1115,#1112,#438,.T.);
#1417=EDGE_CURVE('',#1121,#1122,#439,.T.);
#1418=EDGE_CURVE('',#1123,#1121,#440,.T.);
#1419=EDGE_CURVE('',#1124,#1123,#441,.T.);
#1420=EDGE_CURVE('',#1124,#1122,#442,.T.);
#1421=EDGE_CURVE('',#1125,#1126,#443,.T.);
#1422=EDGE_CURVE('',#1125,#1127,#444,.T.);
#1423=EDGE_CURVE('',#1128,#1127,#445,.T.);
#1424=EDGE_CURVE('',#1126,#1128,#446,.T.);
#1425=EDGE_CURVE('',#1129,#1125,#923,.T.);
#1426=EDGE_CURVE('',#1130,#1129,#924,.T.);
#1427=EDGE_CURVE('',#1131,#1130,#447,.T.);
#1428=EDGE_CURVE('',#1132,#1131,#925,.T.);
#1429=EDGE_CURVE('',#1122,#1132,#926,.T.);
#1430=EDGE_CURVE('',#1127,#1124,#448,.T.);
#1431=EDGE_CURVE('',#1111,#1133,#449,.T.);
#1432=EDGE_CURVE('',#1133,#1134,#450,.T.);
#1433=EDGE_CURVE('',#1135,#1134,#451,.T.);
#1434=EDGE_CURVE('',#1136,#1135,#452,.T.);
#1435=EDGE_CURVE('',#1136,#1116,#453,.T.);
#1436=EDGE_CURVE('',#1137,#1136,#927,.T.);
#1437=EDGE_CURVE('',#1138,#1137,#928,.T.);
#1438=EDGE_CURVE('',#1139,#1138,#454,.T.);
#1439=EDGE_CURVE('',#1140,#1139,#929,.T.);
#1440=EDGE_CURVE('',#1141,#1140,#930,.T.);
#1441=EDGE_CURVE('',#1142,#1141,#455,.T.);
#1442=EDGE_CURVE('',#1143,#1142,#931,.T.);
#1443=EDGE_CURVE('',#1144,#1143,#456,.T.);
#1444=EDGE_CURVE('',#1145,#1144,#932,.T.);
#1445=EDGE_CURVE('',#1146,#1145,#457,.T.);
#1446=EDGE_CURVE('',#1147,#1146,#933,.T.);
#1447=EDGE_CURVE('',#1148,#1147,#458,.T.);
#1448=EDGE_CURVE('',#1149,#1148,#934,.T.);
#1449=EDGE_CURVE('',#1150,#1149,#459,.T.);
#1450=EDGE_CURVE('',#1151,#1150,#935,.T.);
#1451=EDGE_CURVE('',#1152,#1151,#936,.T.);
#1452=EDGE_CURVE('',#1153,#1152,#460,.T.);
#1453=EDGE_CURVE('',#1154,#1153,#937,.T.);
#1454=EDGE_CURVE('',#1133,#1154,#938,.T.);
#1455=EDGE_CURVE('',#1109,#1155,#939,.T.);
#1456=EDGE_CURVE('',#1155,#1156,#461,.T.);
#1457=EDGE_CURVE('',#1156,#1157,#940,.T.);
#1458=EDGE_CURVE('',#1158,#1157,#462,.F.);
#1459=EDGE_CURVE('',#1159,#1158,#941,.F.);
#1460=EDGE_CURVE('',#1160,#1159,#463,.F.);
#1461=EDGE_CURVE('',#1161,#1160,#942,.T.);
#1462=EDGE_CURVE('',#1162,#1161,#464,.T.);
#1463=EDGE_CURVE('',#1163,#1162,#943,.T.);
#1464=EDGE_CURVE('',#1164,#1163,#465,.T.);
#1465=EDGE_CURVE('',#1165,#1164,#944,.T.);
#1466=EDGE_CURVE('',#1166,#1165,#466,.T.);
#1467=EDGE_CURVE('',#1167,#1166,#945,.T.);
#1468=EDGE_CURVE('',#1168,#1167,#467,.T.);
#1469=EDGE_CURVE('',#1169,#1168,#946,.T.);
#1470=EDGE_CURVE('',#1170,#1169,#468,.T.);
#1471=EDGE_CURVE('',#1171,#1170,#947,.T.);
#1472=EDGE_CURVE('',#1172,#1171,#469,.F.);
#1473=EDGE_CURVE('',#1173,#1172,#948,.F.);
#1474=EDGE_CURVE('',#1174,#1173,#949,.T.);
#1475=EDGE_CURVE('',#1175,#1174,#950,.T.);
#1476=EDGE_CURVE('',#1175,#1176,#470,.T.);
#1477=EDGE_CURVE('',#1176,#1114,#951,.T.);
#1478=EDGE_CURVE('',#1120,#1177,#471,.T.);
#1479=EDGE_CURVE('',#1178,#1177,#952,.T.);
#1480=EDGE_CURVE('',#1155,#1178,#472,.T.);
#1481=EDGE_CURVE('',#1123,#1179,#473,.T.);
#1482=EDGE_CURVE('',#1179,#1180,#474,.T.);
#1483=EDGE_CURVE('',#1104,#1180,#475,.T.);
#1484=EDGE_CURVE('',#1103,#1128,#476,.T.);
#1485=EDGE_CURVE('',#1181,#1102,#953,.T.);
#1486=EDGE_CURVE('',#1182,#1181,#477,.T.);
#1487=EDGE_CURVE('',#1097,#1182,#954,.T.);
#1488=EDGE_CURVE('',#1183,#1096,#478,.T.);
#1489=EDGE_CURVE('',#1184,#1183,#955,.T.);
#1490=EDGE_CURVE('',#1185,#1184,#479,.T.);
#1491=EDGE_CURVE('',#1186,#1185,#956,.T.);
#1492=EDGE_CURVE('',#1187,#1186,#480,.T.);
#1493=EDGE_CURVE('',#1188,#1187,#957,.T.);
#1494=EDGE_CURVE('',#1189,#1188,#481,.T.);
#1495=EDGE_CURVE('',#1190,#1189,#958,.T.);
#1496=EDGE_CURVE('',#1191,#1190,#482,.T.);
#1497=EDGE_CURVE('',#1192,#1191,#959,.T.);
#1498=EDGE_CURVE('',#1193,#1192,#960,.T.);
#1499=EDGE_CURVE('',#1194,#1193,#483,.T.);
#1500=EDGE_CURVE('',#1195,#1194,#961,.T.);
#1501=EDGE_CURVE('',#1179,#1195,#962,.T.);
#1502=EDGE_CURVE('',#1121,#1196,#963,.T.);
#1503=EDGE_CURVE('',#1196,#1197,#484,.T.);
#1504=EDGE_CURVE('',#1198,#1197,#964,.T.);
#1505=EDGE_CURVE('',#1199,#1198,#965,.T.);
#1506=EDGE_CURVE('',#1200,#1199,#966,.F.);
#1507=EDGE_CURVE('',#1201,#1200,#485,.F.);
#1508=EDGE_CURVE('',#1202,#1201,#967,.T.);
#1509=EDGE_CURVE('',#1203,#1202,#486,.T.);
#1510=EDGE_CURVE('',#1204,#1203,#968,.T.);
#1511=EDGE_CURVE('',#1205,#1204,#487,.T.);
#1512=EDGE_CURVE('',#1206,#1205,#969,.T.);
#1513=EDGE_CURVE('',#1207,#1206,#488,.T.);
#1514=EDGE_CURVE('',#1208,#1207,#970,.T.);
#1515=EDGE_CURVE('',#1209,#1208,#489,.T.);
#1516=EDGE_CURVE('',#1210,#1209,#971,.T.);
#1517=EDGE_CURVE('',#1211,#1210,#490,.T.);
#1518=EDGE_CURVE('',#1212,#1211,#972,.T.);
#1519=EDGE_CURVE('',#1213,#1212,#491,.F.);
#1520=EDGE_CURVE('',#1214,#1213,#973,.F.);
#1521=EDGE_CURVE('',#1215,#1214,#492,.F.);
#1522=EDGE_CURVE('',#1215,#1216,#974,.T.);
#1523=EDGE_CURVE('',#1216,#1217,#493,.T.);
#1524=EDGE_CURVE('',#1217,#1126,#975,.T.);
#1525=EDGE_CURVE('',#1132,#1218,#494,.T.);
#1526=EDGE_CURVE('',#1219,#1218,#976,.T.);
#1527=EDGE_CURVE('',#1196,#1219,#495,.T.);
#1528=EDGE_CURVE('',#1220,#1221,#977,.T.);
#1529=EDGE_CURVE('',#1221,#1222,#496,.T.);
#1530=EDGE_CURVE('',#1222,#1223,#978,.T.);
#1531=EDGE_CURVE('',#1223,#1220,#497,.T.);
#1532=EDGE_CURVE('',#1224,#1221,#498,.T.);
#1533=EDGE_CURVE('',#1225,#1224,#499,.T.);
#1534=EDGE_CURVE('',#1222,#1225,#500,.T.);
#1535=EDGE_CURVE('',#1226,#1227,#979,.T.);
#1536=EDGE_CURVE('',#1227,#1198,#501,.T.);
#1537=EDGE_CURVE('',#1197,#1226,#502,.T.);
#1538=EDGE_CURVE('',#1228,#1227,#980,.T.);
#1539=EDGE_CURVE('',#1174,#1228,#503,.T.);
#1540=EDGE_CURVE('',#1229,#1173,#504,.T.);
#1541=EDGE_CURVE('',#1230,#1229,#981,.T.);
#1542=EDGE_CURVE('',#1199,#1230,#505,.T.);
#1543=EDGE_CURVE('',#1226,#1219,#506,.T.);
#1544=EDGE_CURVE('',#1218,#1231,#982,.T.);
#1545=EDGE_CURVE('',#1231,#1232,#507,.T.);
#1546=EDGE_CURVE('',#1232,#1233,#983,.T.);
#1547=EDGE_CURVE('',#1233,#1234,#984,.T.);
#1548=EDGE_CURVE('',#1234,#1235,#508,.T.);
#1549=EDGE_CURVE('',#1235,#1236,#985,.T.);
#1550=EDGE_CURVE('',#1236,#1223,#509,.T.);
#1551=EDGE_CURVE('',#1237,#1225,#986,.T.);
#1552=EDGE_CURVE('',#1237,#1238,#987,.T.);
#1553=EDGE_CURVE('',#1239,#1238,#988,.T.);
#1554=EDGE_CURVE('',#1239,#1240,#510,.T.);
#1555=EDGE_CURVE('',#1241,#1240,#989,.T.);
#1556=EDGE_CURVE('',#1241,#1242,#511,.T.);
#1557=EDGE_CURVE('',#1242,#1243,#990,.T.);
#1558=EDGE_CURVE('',#1243,#1178,#512,.T.);
#1559=EDGE_CURVE('',#1177,#1244,#991,.T.);
#1560=EDGE_CURVE('',#1244,#1245,#513,.T.);
#1561=EDGE_CURVE('',#1245,#1246,#992,.T.);
#1562=EDGE_CURVE('',#1246,#1247,#993,.T.);
#1563=EDGE_CURVE('',#1247,#1248,#514,.T.);
#1564=EDGE_CURVE('',#1228,#1248,#994,.T.);
#1565=EDGE_CURVE('',#1056,#1249,#995,.T.);
#1566=EDGE_CURVE('',#1249,#1135,#996,.T.);
#1567=EDGE_CURVE('',#1134,#1250,#997,.T.);
#1568=EDGE_CURVE('',#1250,#1059,#998,.T.);
#1569=EDGE_CURVE('',#1069,#1251,#999,.T.);
#1570=EDGE_CURVE('',#1251,#1252,#515,.T.);
#1571=EDGE_CURVE('',#1252,#1253,#1000,.T.);
#1572=EDGE_CURVE('',#1253,#1254,#516,.T.);
#1573=EDGE_CURVE('',#1254,#1255,#1001,.T.);
#1574=EDGE_CURVE('',#1255,#1256,#517,.T.);
#1575=EDGE_CURVE('',#1256,#1257,#1002,.T.);
#1576=EDGE_CURVE('',#1257,#1258,#518,.T.);
#1577=EDGE_CURVE('',#1258,#1259,#1003,.T.);
#1578=EDGE_CURVE('',#1259,#1095,#519,.T.);
#1579=EDGE_CURVE('',#1079,#1260,#1004,.T.);
#1580=EDGE_CURVE('',#1260,#1261,#1005,.T.);
#1581=EDGE_CURVE('',#1261,#1262,#520,.T.);
#1582=EDGE_CURVE('',#1262,#1263,#1006,.T.);
#1583=EDGE_CURVE('',#1263,#1264,#521,.T.);
#1584=EDGE_CURVE('',#1264,#1265,#1007,.T.);
#1585=EDGE_CURVE('',#1265,#1266,#522,.T.);
#1586=EDGE_CURVE('',#1266,#1267,#1008,.T.);
#1587=EDGE_CURVE('',#1267,#1268,#523,.T.);
#1588=EDGE_CURVE('',#1268,#1269,#1009,.T.);
#1589=EDGE_CURVE('',#1269,#1270,#524,.T.);
#1590=EDGE_CURVE('',#1270,#1271,#1010,.T.);
#1591=EDGE_CURVE('',#1271,#1081,#1011,.T.);
#1592=EDGE_CURVE('',#1180,#1091,#1012,.T.);
#1593=EDGE_CURVE('',#1272,#1272,#1013,.T.);
#1594=EDGE_CURVE('',#1273,#1273,#1014,.T.);
#1595=EDGE_CURVE('',#1274,#1274,#1015,.T.);
#1596=EDGE_CURVE('',#1275,#1275,#1016,.T.);
#1597=EDGE_CURVE('',#1276,#1276,#1017,.T.);
#1598=EDGE_CURVE('',#1277,#1278,#1018,.T.);
#1599=EDGE_CURVE('',#1278,#1279,#525,.T.);
#1600=EDGE_CURVE('',#1279,#1280,#1019,.T.);
#1601=EDGE_CURVE('',#1280,#1281,#526,.T.);
#1602=EDGE_CURVE('',#1281,#1282,#1020,.T.);
#1603=EDGE_CURVE('',#1282,#1283,#527,.T.);
#1604=EDGE_CURVE('',#1283,#1284,#1021,.T.);
#1605=EDGE_CURVE('',#1284,#1285,#528,.T.);
#1606=EDGE_CURVE('',#1285,#1286,#1022,.T.);
#1607=EDGE_CURVE('',#1286,#1287,#529,.T.);
#1608=EDGE_CURVE('',#1287,#1288,#1023,.T.);
#1609=EDGE_CURVE('',#1288,#1277,#530,.T.);
#1610=EDGE_CURVE('',#1289,#1290,#1024,.T.);
#1611=EDGE_CURVE('',#1290,#1291,#531,.T.);
#1612=EDGE_CURVE('',#1291,#1292,#1025,.T.);
#1613=EDGE_CURVE('',#1292,#1293,#532,.T.);
#1614=EDGE_CURVE('',#1293,#1294,#1026,.T.);
#1615=EDGE_CURVE('',#1294,#1295,#533,.T.);
#1616=EDGE_CURVE('',#1295,#1296,#1027,.T.);
#1617=EDGE_CURVE('',#1296,#1297,#534,.T.);
#1618=EDGE_CURVE('',#1297,#1298,#1028,.T.);
#1619=EDGE_CURVE('',#1298,#1299,#535,.T.);
#1620=EDGE_CURVE('',#1299,#1300,#1029,.T.);
#1621=EDGE_CURVE('',#1300,#1289,#536,.T.);
#1622=EDGE_CURVE('',#1301,#1302,#1030,.T.);
#1623=EDGE_CURVE('',#1302,#1303,#537,.T.);
#1624=EDGE_CURVE('',#1303,#1304,#1031,.F.);
#1625=EDGE_CURVE('',#1304,#1301,#538,.T.);
#1626=EDGE_CURVE('',#1305,#1303,#1032,.T.);
#1627=EDGE_CURVE('',#1306,#1302,#1033,.T.);
#1628=EDGE_CURVE('',#1307,#1306,#539,.T.);
#1629=EDGE_CURVE('',#1307,#1308,#1034,.T.);
#1630=EDGE_CURVE('',#1238,#1308,#540,.T.);
#1631=EDGE_CURVE('',#1305,#1237,#541,.T.);
#1632=EDGE_CURVE('',#1301,#1309,#542,.T.);
#1633=EDGE_CURVE('',#1309,#1310,#1035,.T.);
#1634=EDGE_CURVE('',#1310,#1311,#543,.T.);
#1635=EDGE_CURVE('',#1230,#1311,#1036,.T.);
#1636=EDGE_CURVE('',#1312,#1229,#1037,.T.);
#1637=EDGE_CURVE('',#1312,#1313,#544,.T.);
#1638=EDGE_CURVE('',#1313,#1314,#1038,.T.);
#1639=EDGE_CURVE('',#1314,#1315,#545,.T.);
#1640=EDGE_CURVE('',#1306,#1315,#1039,.T.);
#1641=EDGE_CURVE('',#1316,#1316,#1040,.T.);
#1642=EDGE_CURVE('',#1317,#1317,#1041,.T.);
#1643=EDGE_CURVE('',#1318,#1318,#1042,.T.);
#1644=EDGE_CURVE('',#1319,#1319,#1043,.T.);
#1645=EDGE_CURVE('',#1320,#1320,#1044,.T.);
#1646=EDGE_CURVE('',#1321,#1322,#1045,.T.);
#1647=EDGE_CURVE('',#1322,#1241,#546,.T.);
#1648=EDGE_CURVE('',#1240,#1321,#547,.T.);
#1649=EDGE_CURVE('',#1322,#1323,#548,.F.);
#1650=EDGE_CURVE('',#1315,#1323,#549,.T.);
#1651=EDGE_CURVE('',#1314,#1158,#550,.T.);
#1652=EDGE_CURVE('',#1157,#1242,#551,.T.);
#1653=EDGE_CURVE('',#1323,#1307,#1046,.F.);
#1654=EDGE_CURVE('',#1248,#1175,#552,.T.);
#1655=EDGE_CURVE('',#1311,#1200,#553,.T.);
#1656=EDGE_CURVE('',#1172,#1312,#554,.T.);
#1657=EDGE_CURVE('',#1171,#1291,#555,.T.);
#1658=EDGE_CURVE('',#1160,#1290,#556,.T.);
#1659=EDGE_CURVE('',#1313,#1159,#557,.T.);
#1660=EDGE_CURVE('',#1224,#1305,#1047,.T.);
#1661=EDGE_CURVE('',#1308,#1324,#1048,.T.);
#1662=EDGE_CURVE('',#1324,#1239,#558,.T.);
#1663=EDGE_CURVE('',#1321,#1324,#559,.T.);
#1664=EDGE_CURVE('',#1119,#1244,#560,.T.);
#1665=EDGE_CURVE('',#1118,#1245,#561,.T.);
#1666=EDGE_CURVE('',#1117,#1246,#562,.T.);
#1667=EDGE_CURVE('',#1176,#1247,#563,.T.);
#1668=EDGE_CURVE('',#1156,#1243,#564,.T.);
#1669=EDGE_CURVE('',#1131,#1231,#565,.T.);
#1670=EDGE_CURVE('',#1130,#1232,#566,.T.);
#1671=EDGE_CURVE('',#1129,#1233,#567,.T.);
#1672=EDGE_CURVE('',#1217,#1234,#568,.T.);
#1673=EDGE_CURVE('',#1216,#1235,#569,.T.);
#1674=EDGE_CURVE('',#1215,#1236,#570,.T.);
#1675=EDGE_CURVE('',#1220,#1215,#571,.F.);
#1676=EDGE_CURVE('',#1304,#1220,#572,.F.);
#1677=EDGE_CURVE('',#1310,#1213,#573,.T.);
#1678=EDGE_CURVE('',#1309,#1214,#574,.T.);
#1679=EDGE_CURVE('',#1099,#1152,#575,.T.);
#1680=EDGE_CURVE('',#1153,#1098,#576,.T.);
#1681=EDGE_CURVE('',#1151,#1260,#577,.T.);
#1682=EDGE_CURVE('',#1150,#1261,#578,.T.);
#1683=EDGE_CURVE('',#1149,#1262,#579,.T.);
#1684=EDGE_CURVE('',#1148,#1263,#580,.T.);
#1685=EDGE_CURVE('',#1147,#1264,#581,.T.);
#1686=EDGE_CURVE('',#1146,#1265,#582,.T.);
#1687=EDGE_CURVE('',#1145,#1266,#583,.T.);
#1688=EDGE_CURVE('',#1144,#1267,#584,.T.);
#1689=EDGE_CURVE('',#1143,#1268,#585,.T.);
#1690=EDGE_CURVE('',#1164,#1298,#586,.T.);
#1691=EDGE_CURVE('',#1165,#1297,#587,.T.);
#1692=EDGE_CURVE('',#1163,#1299,#588,.T.);
#1693=EDGE_CURVE('',#1162,#1300,#589,.T.);
#1694=EDGE_CURVE('',#1161,#1289,#590,.T.);
#1695=EDGE_CURVE('',#1189,#1253,#591,.T.);
#1696=EDGE_CURVE('',#1190,#1252,#592,.T.);
#1697=EDGE_CURVE('',#1188,#1254,#593,.T.);
#1698=EDGE_CURVE('',#1187,#1255,#594,.T.);
#1699=EDGE_CURVE('',#1186,#1256,#595,.T.);
#1700=EDGE_CURVE('',#1185,#1257,#596,.T.);
#1701=EDGE_CURVE('',#1184,#1258,#597,.T.);
#1702=EDGE_CURVE('',#1183,#1259,#598,.T.);
#1703=EDGE_CURVE('',#1182,#1105,#599,.T.);
#1704=EDGE_CURVE('',#1211,#1286,#600,.T.);
#1705=EDGE_CURVE('',#1212,#1285,#601,.T.);
#1706=EDGE_CURVE('',#1210,#1287,#602,.T.);
#1707=EDGE_CURVE('',#1209,#1288,#603,.T.);
#1708=EDGE_CURVE('',#1208,#1277,#604,.T.);
#1709=EDGE_CURVE('',#1207,#1278,#605,.T.);
#1710=EDGE_CURVE('',#1206,#1279,#606,.T.);
#1711=EDGE_CURVE('',#1106,#1181,#607,.T.);
#1712=EDGE_CURVE('',#1192,#1070,#608,.T.);
#1713=EDGE_CURVE('',#1108,#1193,#609,.T.);
#1714=EDGE_CURVE('',#1194,#1107,#610,.T.);
#1715=EDGE_CURVE('',#1093,#1195,#611,.T.);
#1716=EDGE_CURVE('',#1272,#1325,#612,.T.);
#1717=EDGE_CURVE('',#1325,#1325,#1049,.F.);
#1718=EDGE_CURVE('',#1326,#1326,#1050,.T.);
#1719=EDGE_CURVE('',#1273,#1327,#613,.T.);
#1720=EDGE_CURVE('',#1327,#1327,#1051,.F.);
#1721=EDGE_CURVE('',#1328,#1328,#1052,.T.);
#1722=EDGE_CURVE('',#1274,#1329,#614,.T.);
#1723=EDGE_CURVE('',#1329,#1329,#1053,.F.);
#1724=EDGE_CURVE('',#1330,#1330,#1054,.T.);
#1725=EDGE_CURVE('',#1191,#1251,#615,.T.);
#1726=EDGE_CURVE('',#1250,#1154,#616,.T.);
#1727=EDGE_CURVE('',#1137,#1249,#617,.T.);
#1728=EDGE_CURVE('',#1101,#1138,#618,.T.);
#1729=EDGE_CURVE('',#1139,#1100,#619,.T.);
#1730=EDGE_CURVE('',#1271,#1140,#620,.T.);
#1731=EDGE_CURVE('',#1141,#1270,#621,.T.);
#1732=EDGE_CURVE('',#1166,#1296,#622,.T.);
#1733=EDGE_CURVE('',#1167,#1295,#623,.T.);
#1734=EDGE_CURVE('',#1168,#1294,#624,.T.);
#1735=EDGE_CURVE('',#1169,#1293,#625,.T.);
#1736=EDGE_CURVE('',#1170,#1292,#626,.T.);
#1737=EDGE_CURVE('',#1201,#1284,#627,.T.);
#1738=EDGE_CURVE('',#1202,#1283,#628,.T.);
#1739=EDGE_CURVE('',#1203,#1282,#629,.T.);
#1740=EDGE_CURVE('',#1204,#1281,#630,.T.);
#1741=EDGE_CURVE('',#1205,#1280,#631,.T.);
#1742=EDGE_CURVE('',#1326,#1320,#632,.T.);
#1743=EDGE_CURVE('',#1330,#1319,#633,.T.);
#1744=EDGE_CURVE('',#1142,#1269,#634,.T.);
#1745=EDGE_CURVE('',#1276,#1318,#635,.T.);
#1746=EDGE_CURVE('',#1328,#1317,#636,.T.);
#1747=EDGE_CURVE('',#1275,#1316,#637,.T.);
#1748=ORIENTED_EDGE('',*,*,#1331,.F.);
#1749=ORIENTED_EDGE('',*,*,#1332,.F.);
#1750=ORIENTED_EDGE('',*,*,#1333,.F.);
#1751=ORIENTED_EDGE('',*,*,#1334,.T.);
#1752=ORIENTED_EDGE('',*,*,#1335,.F.);
#1753=ORIENTED_EDGE('',*,*,#1336,.F.);
#1754=ORIENTED_EDGE('',*,*,#1337,.F.);
#1755=ORIENTED_EDGE('',*,*,#1338,.T.);
#1756=ORIENTED_EDGE('',*,*,#1339,.F.);
#1757=ORIENTED_EDGE('',*,*,#1338,.F.);
#1758=ORIENTED_EDGE('',*,*,#1340,.F.);
#1759=ORIENTED_EDGE('',*,*,#1332,.T.);
#1760=ORIENTED_EDGE('',*,*,#1341,.F.);
#1761=ORIENTED_EDGE('',*,*,#1342,.F.);
#1762=ORIENTED_EDGE('',*,*,#1343,.F.);
#1763=ORIENTED_EDGE('',*,*,#1344,.T.);
#1764=ORIENTED_EDGE('',*,*,#1345,.F.);
#1765=ORIENTED_EDGE('',*,*,#1344,.F.);
#1766=ORIENTED_EDGE('',*,*,#1346,.F.);
#1767=ORIENTED_EDGE('',*,*,#1347,.T.);
#1768=ORIENTED_EDGE('',*,*,#1348,.F.);
#1769=ORIENTED_EDGE('',*,*,#1347,.F.);
#1770=ORIENTED_EDGE('',*,*,#1349,.F.);
#1771=ORIENTED_EDGE('',*,*,#1350,.T.);
#1772=ORIENTED_EDGE('',*,*,#1351,.F.);
#1773=ORIENTED_EDGE('',*,*,#1352,.F.);
#1774=ORIENTED_EDGE('',*,*,#1353,.F.);
#1775=ORIENTED_EDGE('',*,*,#1354,.T.);
#1776=ORIENTED_EDGE('',*,*,#1355,.F.);
#1777=ORIENTED_EDGE('',*,*,#1354,.F.);
#1778=ORIENTED_EDGE('',*,*,#1356,.F.);
#1779=ORIENTED_EDGE('',*,*,#1342,.T.);
#1780=ORIENTED_EDGE('',*,*,#1357,.F.);
#1781=ORIENTED_EDGE('',*,*,#1358,.F.);
#1782=ORIENTED_EDGE('',*,*,#1359,.F.);
#1783=ORIENTED_EDGE('',*,*,#1360,.T.);
#1784=ORIENTED_EDGE('',*,*,#1361,.F.);
#1785=ORIENTED_EDGE('',*,*,#1360,.F.);
#1786=ORIENTED_EDGE('',*,*,#1362,.F.);
#1787=ORIENTED_EDGE('',*,*,#1363,.T.);
#1788=ORIENTED_EDGE('',*,*,#1364,.F.);
#1789=ORIENTED_EDGE('',*,*,#1365,.F.);
#1790=ORIENTED_EDGE('',*,*,#1366,.F.);
#1791=ORIENTED_EDGE('',*,*,#1358,.T.);
#1792=ORIENTED_EDGE('',*,*,#1367,.F.);
#1793=ORIENTED_EDGE('',*,*,#1368,.F.);
#1794=ORIENTED_EDGE('',*,*,#1369,.F.);
#1795=ORIENTED_EDGE('',*,*,#1370,.T.);
#1796=ORIENTED_EDGE('',*,*,#1371,.F.);
#1797=ORIENTED_EDGE('',*,*,#1370,.F.);
#1798=ORIENTED_EDGE('',*,*,#1372,.F.);
#1799=ORIENTED_EDGE('',*,*,#1373,.T.);
#1800=ORIENTED_EDGE('',*,*,#1374,.F.);
#1801=ORIENTED_EDGE('',*,*,#1373,.F.);
#1802=ORIENTED_EDGE('',*,*,#1375,.F.);
#1803=ORIENTED_EDGE('',*,*,#1376,.T.);
#1804=ORIENTED_EDGE('',*,*,#1377,.F.);
#1805=ORIENTED_EDGE('',*,*,#1378,.F.);
#1806=ORIENTED_EDGE('',*,*,#1379,.F.);
#1807=ORIENTED_EDGE('',*,*,#1380,.T.);
#1808=ORIENTED_EDGE('',*,*,#1381,.F.);
#1809=ORIENTED_EDGE('',*,*,#1380,.F.);
#1810=ORIENTED_EDGE('',*,*,#1382,.F.);
#1811=ORIENTED_EDGE('',*,*,#1368,.T.);
#1812=ORIENTED_EDGE('',*,*,#1352,.T.);
#1813=ORIENTED_EDGE('',*,*,#1383,.F.);
#1814=ORIENTED_EDGE('',*,*,#1384,.F.);
#1815=ORIENTED_EDGE('',*,*,#1385,.T.);
#1816=ORIENTED_EDGE('',*,*,#1386,.F.);
#1817=ORIENTED_EDGE('',*,*,#1333,.T.);
#1818=ORIENTED_EDGE('',*,*,#1340,.T.);
#1819=ORIENTED_EDGE('',*,*,#1337,.T.);
#1820=ORIENTED_EDGE('',*,*,#1387,.F.);
#1821=ORIENTED_EDGE('',*,*,#1388,.F.);
#1822=ORIENTED_EDGE('',*,*,#1389,.F.);
#1823=ORIENTED_EDGE('',*,*,#1362,.T.);
#1824=ORIENTED_EDGE('',*,*,#1359,.T.);
#1825=ORIENTED_EDGE('',*,*,#1366,.T.);
#1826=ORIENTED_EDGE('',*,*,#1390,.F.);
#1827=ORIENTED_EDGE('',*,*,#1391,.F.);
#1828=ORIENTED_EDGE('',*,*,#1392,.F.);
#1829=ORIENTED_EDGE('',*,*,#1376,.F.);
#1830=ORIENTED_EDGE('',*,*,#1393,.F.);
#1831=ORIENTED_EDGE('',*,*,#1394,.T.);
#1832=ORIENTED_EDGE('',*,*,#1395,.T.);
#1833=ORIENTED_EDGE('',*,*,#1396,.F.);
#1834=ORIENTED_EDGE('',*,*,#1346,.T.);
#1835=ORIENTED_EDGE('',*,*,#1343,.T.);
#1836=ORIENTED_EDGE('',*,*,#1356,.T.);
#1837=ORIENTED_EDGE('',*,*,#1397,.F.);
#1838=ORIENTED_EDGE('',*,*,#1398,.F.);
#1839=ORIENTED_EDGE('',*,*,#1399,.F.);
#1840=ORIENTED_EDGE('',*,*,#1372,.T.);
#1841=ORIENTED_EDGE('',*,*,#1369,.T.);
#1842=ORIENTED_EDGE('',*,*,#1382,.T.);
#1843=ORIENTED_EDGE('',*,*,#1400,.F.);
#1844=ORIENTED_EDGE('',*,*,#1401,.F.);
#1845=ORIENTED_EDGE('',*,*,#1402,.F.);
#1846=ORIENTED_EDGE('',*,*,#1403,.F.);
#1847=ORIENTED_EDGE('',*,*,#1404,.F.);
#1848=ORIENTED_EDGE('',*,*,#1405,.F.);
#1849=ORIENTED_EDGE('',*,*,#1406,.T.);
#1850=ORIENTED_EDGE('',*,*,#1407,.F.);
#1851=ORIENTED_EDGE('',*,*,#1408,.T.);
#1852=ORIENTED_EDGE('',*,*,#1409,.F.);
#1853=ORIENTED_EDGE('',*,*,#1410,.F.);
#1854=ORIENTED_EDGE('',*,*,#1411,.F.);
#1855=ORIENTED_EDGE('',*,*,#1412,.F.);
#1856=ORIENTED_EDGE('',*,*,#1413,.F.);
#1857=ORIENTED_EDGE('',*,*,#1414,.F.);
#1858=ORIENTED_EDGE('',*,*,#1415,.F.);
#1859=ORIENTED_EDGE('',*,*,#1406,.F.);
#1860=ORIENTED_EDGE('',*,*,#1416,.F.);
#1861=ORIENTED_EDGE('',*,*,#1408,.F.);
#1862=ORIENTED_EDGE('',*,*,#1417,.F.);
#1863=ORIENTED_EDGE('',*,*,#1418,.F.);
#1864=ORIENTED_EDGE('',*,*,#1419,.F.);
#1865=ORIENTED_EDGE('',*,*,#1420,.T.);
#1866=ORIENTED_EDGE('',*,*,#1421,.F.);
#1867=ORIENTED_EDGE('',*,*,#1422,.T.);
#1868=ORIENTED_EDGE('',*,*,#1423,.F.);
#1869=ORIENTED_EDGE('',*,*,#1424,.F.);
#1870=ORIENTED_EDGE('',*,*,#1425,.F.);
#1871=ORIENTED_EDGE('',*,*,#1426,.F.);
#1872=ORIENTED_EDGE('',*,*,#1427,.F.);
#1873=ORIENTED_EDGE('',*,*,#1428,.F.);
#1874=ORIENTED_EDGE('',*,*,#1429,.F.);
#1875=ORIENTED_EDGE('',*,*,#1420,.F.);
#1876=ORIENTED_EDGE('',*,*,#1430,.F.);
#1877=ORIENTED_EDGE('',*,*,#1422,.F.);
#1878=ORIENTED_EDGE('',*,*,#1409,.T.);
#1879=ORIENTED_EDGE('',*,*,#1416,.T.);
#1880=ORIENTED_EDGE('',*,*,#1405,.T.);
#1881=ORIENTED_EDGE('',*,*,#1431,.T.);
#1882=ORIENTED_EDGE('',*,*,#1432,.T.);
#1883=ORIENTED_EDGE('',*,*,#1433,.F.);
#1884=ORIENTED_EDGE('',*,*,#1434,.F.);
#1885=ORIENTED_EDGE('',*,*,#1435,.T.);
#1886=ORIENTED_EDGE('',*,*,#1410,.T.);
#1887=ORIENTED_EDGE('',*,*,#1435,.F.);
#1888=ORIENTED_EDGE('',*,*,#1436,.F.);
#1889=ORIENTED_EDGE('',*,*,#1437,.F.);
#1890=ORIENTED_EDGE('',*,*,#1438,.F.);
#1891=ORIENTED_EDGE('',*,*,#1439,.F.);
#1892=ORIENTED_EDGE('',*,*,#1440,.F.);
#1893=ORIENTED_EDGE('',*,*,#1441,.F.);
#1894=ORIENTED_EDGE('',*,*,#1442,.F.);
#1895=ORIENTED_EDGE('',*,*,#1443,.F.);
#1896=ORIENTED_EDGE('',*,*,#1444,.F.);
#1897=ORIENTED_EDGE('',*,*,#1445,.F.);
#1898=ORIENTED_EDGE('',*,*,#1446,.F.);
#1899=ORIENTED_EDGE('',*,*,#1447,.F.);
#1900=ORIENTED_EDGE('',*,*,#1448,.F.);
#1901=ORIENTED_EDGE('',*,*,#1449,.F.);
#1902=ORIENTED_EDGE('',*,*,#1450,.F.);
#1903=ORIENTED_EDGE('',*,*,#1451,.F.);
#1904=ORIENTED_EDGE('',*,*,#1452,.F.);
#1905=ORIENTED_EDGE('',*,*,#1453,.F.);
#1906=ORIENTED_EDGE('',*,*,#1454,.F.);
#1907=ORIENTED_EDGE('',*,*,#1431,.F.);
#1908=ORIENTED_EDGE('',*,*,#1404,.T.);
#1909=ORIENTED_EDGE('',*,*,#1455,.T.);
#1910=ORIENTED_EDGE('',*,*,#1456,.T.);
#1911=ORIENTED_EDGE('',*,*,#1457,.T.);
#1912=ORIENTED_EDGE('',*,*,#1458,.F.);
#1913=ORIENTED_EDGE('',*,*,#1459,.F.);
#1914=ORIENTED_EDGE('',*,*,#1460,.F.);
#1915=ORIENTED_EDGE('',*,*,#1461,.F.);
#1916=ORIENTED_EDGE('',*,*,#1462,.F.);
#1917=ORIENTED_EDGE('',*,*,#1463,.F.);
#1918=ORIENTED_EDGE('',*,*,#1464,.F.);
#1919=ORIENTED_EDGE('',*,*,#1465,.F.);
#1920=ORIENTED_EDGE('',*,*,#1466,.F.);
#1921=ORIENTED_EDGE('',*,*,#1467,.F.);
#1922=ORIENTED_EDGE('',*,*,#1468,.F.);
#1923=ORIENTED_EDGE('',*,*,#1469,.F.);
#1924=ORIENTED_EDGE('',*,*,#1470,.F.);
#1925=ORIENTED_EDGE('',*,*,#1471,.F.);
#1926=ORIENTED_EDGE('',*,*,#1472,.F.);
#1927=ORIENTED_EDGE('',*,*,#1473,.F.);
#1928=ORIENTED_EDGE('',*,*,#1474,.F.);
#1929=ORIENTED_EDGE('',*,*,#1475,.F.);
#1930=ORIENTED_EDGE('',*,*,#1476,.T.);
#1931=ORIENTED_EDGE('',*,*,#1477,.T.);
#1932=ORIENTED_EDGE('',*,*,#1403,.T.);
#1933=ORIENTED_EDGE('',*,*,#1415,.T.);
#1934=ORIENTED_EDGE('',*,*,#1478,.T.);
#1935=ORIENTED_EDGE('',*,*,#1479,.F.);
#1936=ORIENTED_EDGE('',*,*,#1480,.F.);
#1937=ORIENTED_EDGE('',*,*,#1455,.F.);
#1938=ORIENTED_EDGE('',*,*,#1423,.T.);
#1939=ORIENTED_EDGE('',*,*,#1430,.T.);
#1940=ORIENTED_EDGE('',*,*,#1419,.T.);
#1941=ORIENTED_EDGE('',*,*,#1481,.T.);
#1942=ORIENTED_EDGE('',*,*,#1482,.T.);
#1943=ORIENTED_EDGE('',*,*,#1483,.F.);
#1944=ORIENTED_EDGE('',*,*,#1395,.F.);
#1945=ORIENTED_EDGE('',*,*,#1484,.T.);
#1946=ORIENTED_EDGE('',*,*,#1424,.T.);
#1947=ORIENTED_EDGE('',*,*,#1484,.F.);
#1948=ORIENTED_EDGE('',*,*,#1394,.F.);
#1949=ORIENTED_EDGE('',*,*,#1485,.F.);
#1950=ORIENTED_EDGE('',*,*,#1486,.F.);
#1951=ORIENTED_EDGE('',*,*,#1487,.F.);
#1952=ORIENTED_EDGE('',*,*,#1385,.F.);
#1953=ORIENTED_EDGE('',*,*,#1488,.F.);
#1954=ORIENTED_EDGE('',*,*,#1489,.F.);
#1955=ORIENTED_EDGE('',*,*,#1490,.F.);
#1956=ORIENTED_EDGE('',*,*,#1491,.F.);
#1957=ORIENTED_EDGE('',*,*,#1492,.F.);
#1958=ORIENTED_EDGE('',*,*,#1493,.F.);
#1959=ORIENTED_EDGE('',*,*,#1494,.F.);
#1960=ORIENTED_EDGE('',*,*,#1495,.F.);
#1961=ORIENTED_EDGE('',*,*,#1496,.F.);
#1962=ORIENTED_EDGE('',*,*,#1497,.F.);
#1963=ORIENTED_EDGE('',*,*,#1498,.F.);
#1964=ORIENTED_EDGE('',*,*,#1499,.F.);
#1965=ORIENTED_EDGE('',*,*,#1500,.F.);
#1966=ORIENTED_EDGE('',*,*,#1501,.F.);
#1967=ORIENTED_EDGE('',*,*,#1481,.F.);
#1968=ORIENTED_EDGE('',*,*,#1418,.T.);
#1969=ORIENTED_EDGE('',*,*,#1502,.T.);
#1970=ORIENTED_EDGE('',*,*,#1503,.T.);
#1971=ORIENTED_EDGE('',*,*,#1504,.F.);
#1972=ORIENTED_EDGE('',*,*,#1505,.F.);
#1973=ORIENTED_EDGE('',*,*,#1506,.F.);
#1974=ORIENTED_EDGE('',*,*,#1507,.F.);
#1975=ORIENTED_EDGE('',*,*,#1508,.F.);
#1976=ORIENTED_EDGE('',*,*,#1509,.F.);
#1977=ORIENTED_EDGE('',*,*,#1510,.F.);
#1978=ORIENTED_EDGE('',*,*,#1511,.F.);
#1979=ORIENTED_EDGE('',*,*,#1512,.F.);
#1980=ORIENTED_EDGE('',*,*,#1513,.F.);
#1981=ORIENTED_EDGE('',*,*,#1514,.F.);
#1982=ORIENTED_EDGE('',*,*,#1515,.F.);
#1983=ORIENTED_EDGE('',*,*,#1516,.F.);
#1984=ORIENTED_EDGE('',*,*,#1517,.F.);
#1985=ORIENTED_EDGE('',*,*,#1518,.F.);
#1986=ORIENTED_EDGE('',*,*,#1519,.F.);
#1987=ORIENTED_EDGE('',*,*,#1520,.F.);
#1988=ORIENTED_EDGE('',*,*,#1521,.F.);
#1989=ORIENTED_EDGE('',*,*,#1522,.T.);
#1990=ORIENTED_EDGE('',*,*,#1523,.T.);
#1991=ORIENTED_EDGE('',*,*,#1524,.T.);
#1992=ORIENTED_EDGE('',*,*,#1417,.T.);
#1993=ORIENTED_EDGE('',*,*,#1429,.T.);
#1994=ORIENTED_EDGE('',*,*,#1525,.T.);
#1995=ORIENTED_EDGE('',*,*,#1526,.F.);
#1996=ORIENTED_EDGE('',*,*,#1527,.F.);
#1997=ORIENTED_EDGE('',*,*,#1502,.F.);
#1998=ORIENTED_EDGE('',*,*,#1528,.T.);
#1999=ORIENTED_EDGE('',*,*,#1529,.T.);
#2000=ORIENTED_EDGE('',*,*,#1530,.T.);
#2001=ORIENTED_EDGE('',*,*,#1531,.T.);
#2002=ORIENTED_EDGE('',*,*,#1529,.F.);
#2003=ORIENTED_EDGE('',*,*,#1532,.F.);
#2004=ORIENTED_EDGE('',*,*,#1533,.F.);
#2005=ORIENTED_EDGE('',*,*,#1534,.F.);
#2006=ORIENTED_EDGE('',*,*,#1535,.T.);
#2007=ORIENTED_EDGE('',*,*,#1536,.T.);
#2008=ORIENTED_EDGE('',*,*,#1504,.T.);
#2009=ORIENTED_EDGE('',*,*,#1537,.T.);
#2010=ORIENTED_EDGE('',*,*,#1536,.F.);
#2011=ORIENTED_EDGE('',*,*,#1538,.F.);
#2012=ORIENTED_EDGE('',*,*,#1539,.F.);
#2013=ORIENTED_EDGE('',*,*,#1474,.T.);
#2014=ORIENTED_EDGE('',*,*,#1540,.F.);
#2015=ORIENTED_EDGE('',*,*,#1541,.F.);
#2016=ORIENTED_EDGE('',*,*,#1542,.F.);
#2017=ORIENTED_EDGE('',*,*,#1505,.T.);
#2018=ORIENTED_EDGE('',*,*,#1535,.F.);
#2019=ORIENTED_EDGE('',*,*,#1543,.T.);
#2020=ORIENTED_EDGE('',*,*,#1526,.T.);
#2021=ORIENTED_EDGE('',*,*,#1544,.T.);
#2022=ORIENTED_EDGE('',*,*,#1545,.T.);
#2023=ORIENTED_EDGE('',*,*,#1546,.T.);
#2024=ORIENTED_EDGE('',*,*,#1547,.T.);
#2025=ORIENTED_EDGE('',*,*,#1548,.T.);
#2026=ORIENTED_EDGE('',*,*,#1549,.T.);
#2027=ORIENTED_EDGE('',*,*,#1550,.T.);
#2028=ORIENTED_EDGE('',*,*,#1530,.F.);
#2029=ORIENTED_EDGE('',*,*,#1534,.T.);
#2030=ORIENTED_EDGE('',*,*,#1551,.F.);
#2031=ORIENTED_EDGE('',*,*,#1552,.T.);
#2032=ORIENTED_EDGE('',*,*,#1553,.F.);
#2033=ORIENTED_EDGE('',*,*,#1554,.T.);
#2034=ORIENTED_EDGE('',*,*,#1555,.F.);
#2035=ORIENTED_EDGE('',*,*,#1556,.T.);
#2036=ORIENTED_EDGE('',*,*,#1557,.T.);
#2037=ORIENTED_EDGE('',*,*,#1558,.T.);
#2038=ORIENTED_EDGE('',*,*,#1479,.T.);
#2039=ORIENTED_EDGE('',*,*,#1559,.T.);
#2040=ORIENTED_EDGE('',*,*,#1560,.T.);
#2041=ORIENTED_EDGE('',*,*,#1561,.T.);
#2042=ORIENTED_EDGE('',*,*,#1562,.T.);
#2043=ORIENTED_EDGE('',*,*,#1563,.T.);
#2044=ORIENTED_EDGE('',*,*,#1564,.F.);
#2045=ORIENTED_EDGE('',*,*,#1538,.T.);
#2046=ORIENTED_EDGE('',*,*,#1565,.T.);
#2047=ORIENTED_EDGE('',*,*,#1566,.T.);
#2048=ORIENTED_EDGE('',*,*,#1433,.T.);
#2049=ORIENTED_EDGE('',*,*,#1567,.T.);
#2050=ORIENTED_EDGE('',*,*,#1568,.T.);
#2051=ORIENTED_EDGE('',*,*,#1335,.T.);
#2052=ORIENTED_EDGE('',*,*,#1339,.T.);
#2053=ORIENTED_EDGE('',*,*,#1331,.T.);
#2054=ORIENTED_EDGE('',*,*,#1348,.T.);
#2055=ORIENTED_EDGE('',*,*,#1569,.T.);
#2056=ORIENTED_EDGE('',*,*,#1570,.T.);
#2057=ORIENTED_EDGE('',*,*,#1571,.T.);
#2058=ORIENTED_EDGE('',*,*,#1572,.T.);
#2059=ORIENTED_EDGE('',*,*,#1573,.T.);
#2060=ORIENTED_EDGE('',*,*,#1574,.T.);
#2061=ORIENTED_EDGE('',*,*,#1575,.T.);
#2062=ORIENTED_EDGE('',*,*,#1576,.T.);
#2063=ORIENTED_EDGE('',*,*,#1577,.T.);
#2064=ORIENTED_EDGE('',*,*,#1578,.T.);
#2065=ORIENTED_EDGE('',*,*,#1383,.T.);
#2066=ORIENTED_EDGE('',*,*,#1351,.T.);
#2067=ORIENTED_EDGE('',*,*,#1355,.T.);
#2068=ORIENTED_EDGE('',*,*,#1341,.T.);
#2069=ORIENTED_EDGE('',*,*,#1345,.T.);
#2070=ORIENTED_EDGE('',*,*,#1579,.T.);
#2071=ORIENTED_EDGE('',*,*,#1580,.T.);
#2072=ORIENTED_EDGE('',*,*,#1581,.T.);
#2073=ORIENTED_EDGE('',*,*,#1582,.T.);
#2074=ORIENTED_EDGE('',*,*,#1583,.T.);
#2075=ORIENTED_EDGE('',*,*,#1584,.T.);
#2076=ORIENTED_EDGE('',*,*,#1585,.T.);
#2077=ORIENTED_EDGE('',*,*,#1586,.T.);
#2078=ORIENTED_EDGE('',*,*,#1587,.T.);
#2079=ORIENTED_EDGE('',*,*,#1588,.T.);
#2080=ORIENTED_EDGE('',*,*,#1589,.T.);
#2081=ORIENTED_EDGE('',*,*,#1590,.T.);
#2082=ORIENTED_EDGE('',*,*,#1591,.T.);
#2083=ORIENTED_EDGE('',*,*,#1364,.T.);
#2084=ORIENTED_EDGE('',*,*,#1357,.T.);
#2085=ORIENTED_EDGE('',*,*,#1361,.T.);
#2086=ORIENTED_EDGE('',*,*,#1374,.T.);
#2087=ORIENTED_EDGE('',*,*,#1396,.T.);
#2088=ORIENTED_EDGE('',*,*,#1483,.T.);
#2089=ORIENTED_EDGE('',*,*,#1592,.T.);
#2090=ORIENTED_EDGE('',*,*,#1377,.T.);
#2091=ORIENTED_EDGE('',*,*,#1381,.T.);
#2092=ORIENTED_EDGE('',*,*,#1367,.T.);
#2093=ORIENTED_EDGE('',*,*,#1371,.T.);
#2094=ORIENTED_EDGE('',*,*,#1593,.T.);
#2095=ORIENTED_EDGE('',*,*,#1594,.T.);
#2096=ORIENTED_EDGE('',*,*,#1595,.T.);
#2097=ORIENTED_EDGE('',*,*,#1596,.T.);
#2098=ORIENTED_EDGE('',*,*,#1597,.T.);
#2099=ORIENTED_EDGE('',*,*,#1598,.T.);
#2100=ORIENTED_EDGE('',*,*,#1599,.T.);
#2101=ORIENTED_EDGE('',*,*,#1600,.T.);
#2102=ORIENTED_EDGE('',*,*,#1601,.T.);
#2103=ORIENTED_EDGE('',*,*,#1602,.T.);
#2104=ORIENTED_EDGE('',*,*,#1603,.T.);
#2105=ORIENTED_EDGE('',*,*,#1604,.T.);
#2106=ORIENTED_EDGE('',*,*,#1605,.T.);
#2107=ORIENTED_EDGE('',*,*,#1606,.T.);
#2108=ORIENTED_EDGE('',*,*,#1607,.T.);
#2109=ORIENTED_EDGE('',*,*,#1608,.T.);
#2110=ORIENTED_EDGE('',*,*,#1609,.T.);
#2111=ORIENTED_EDGE('',*,*,#1610,.T.);
#2112=ORIENTED_EDGE('',*,*,#1611,.T.);
#2113=ORIENTED_EDGE('',*,*,#1612,.T.);
#2114=ORIENTED_EDGE('',*,*,#1613,.T.);
#2115=ORIENTED_EDGE('',*,*,#1614,.T.);
#2116=ORIENTED_EDGE('',*,*,#1615,.T.);
#2117=ORIENTED_EDGE('',*,*,#1616,.T.);
#2118=ORIENTED_EDGE('',*,*,#1617,.T.);
#2119=ORIENTED_EDGE('',*,*,#1618,.T.);
#2120=ORIENTED_EDGE('',*,*,#1619,.T.);
#2121=ORIENTED_EDGE('',*,*,#1620,.T.);
#2122=ORIENTED_EDGE('',*,*,#1621,.T.);
#2123=ORIENTED_EDGE('',*,*,#1622,.T.);
#2124=ORIENTED_EDGE('',*,*,#1623,.T.);
#2125=ORIENTED_EDGE('',*,*,#1624,.T.);
#2126=ORIENTED_EDGE('',*,*,#1625,.T.);
#2127=ORIENTED_EDGE('',*,*,#1626,.T.);
#2128=ORIENTED_EDGE('',*,*,#1623,.F.);
#2129=ORIENTED_EDGE('',*,*,#1627,.F.);
#2130=ORIENTED_EDGE('',*,*,#1628,.F.);
#2131=ORIENTED_EDGE('',*,*,#1629,.T.);
#2132=ORIENTED_EDGE('',*,*,#1630,.F.);
#2133=ORIENTED_EDGE('',*,*,#1552,.F.);
#2134=ORIENTED_EDGE('',*,*,#1631,.F.);
#2135=ORIENTED_EDGE('',*,*,#1622,.F.);
#2136=ORIENTED_EDGE('',*,*,#1632,.T.);
#2137=ORIENTED_EDGE('',*,*,#1633,.T.);
#2138=ORIENTED_EDGE('',*,*,#1634,.T.);
#2139=ORIENTED_EDGE('',*,*,#1635,.F.);
#2140=ORIENTED_EDGE('',*,*,#1541,.T.);
#2141=ORIENTED_EDGE('',*,*,#1636,.F.);
#2142=ORIENTED_EDGE('',*,*,#1637,.T.);
#2143=ORIENTED_EDGE('',*,*,#1638,.T.);
#2144=ORIENTED_EDGE('',*,*,#1639,.T.);
#2145=ORIENTED_EDGE('',*,*,#1640,.F.);
#2146=ORIENTED_EDGE('',*,*,#1627,.T.);
#2147=ORIENTED_EDGE('',*,*,#1641,.T.);
#2148=ORIENTED_EDGE('',*,*,#1642,.T.);
#2149=ORIENTED_EDGE('',*,*,#1643,.T.);
#2150=ORIENTED_EDGE('',*,*,#1644,.T.);
#2151=ORIENTED_EDGE('',*,*,#1645,.T.);
#2152=ORIENTED_EDGE('',*,*,#1646,.T.);
#2153=ORIENTED_EDGE('',*,*,#1647,.T.);
#2154=ORIENTED_EDGE('',*,*,#1555,.T.);
#2155=ORIENTED_EDGE('',*,*,#1648,.T.);
#2156=ORIENTED_EDGE('',*,*,#1647,.F.);
#2157=ORIENTED_EDGE('',*,*,#1649,.T.);
#2158=ORIENTED_EDGE('',*,*,#1650,.F.);
#2159=ORIENTED_EDGE('',*,*,#1639,.F.);
#2160=ORIENTED_EDGE('',*,*,#1651,.T.);
#2161=ORIENTED_EDGE('',*,*,#1458,.T.);
#2162=ORIENTED_EDGE('',*,*,#1652,.T.);
#2163=ORIENTED_EDGE('',*,*,#1556,.F.);
#2164=ORIENTED_EDGE('',*,*,#1640,.T.);
#2165=ORIENTED_EDGE('',*,*,#1650,.T.);
#2166=ORIENTED_EDGE('',*,*,#1653,.T.);
#2167=ORIENTED_EDGE('',*,*,#1628,.T.);
#2168=ORIENTED_EDGE('',*,*,#1475,.T.);
#2169=ORIENTED_EDGE('',*,*,#1539,.T.);
#2170=ORIENTED_EDGE('',*,*,#1564,.T.);
#2171=ORIENTED_EDGE('',*,*,#1654,.T.);
#2172=ORIENTED_EDGE('',*,*,#1635,.T.);
#2173=ORIENTED_EDGE('',*,*,#1655,.T.);
#2174=ORIENTED_EDGE('',*,*,#1506,.T.);
#2175=ORIENTED_EDGE('',*,*,#1542,.T.);
#2176=ORIENTED_EDGE('',*,*,#1636,.T.);
#2177=ORIENTED_EDGE('',*,*,#1540,.T.);
#2178=ORIENTED_EDGE('',*,*,#1473,.T.);
#2179=ORIENTED_EDGE('',*,*,#1656,.T.);
#2180=ORIENTED_EDGE('',*,*,#1656,.F.);
#2181=ORIENTED_EDGE('',*,*,#1472,.T.);
#2182=ORIENTED_EDGE('',*,*,#1657,.T.);
#2183=ORIENTED_EDGE('',*,*,#1611,.F.);
#2184=ORIENTED_EDGE('',*,*,#1658,.F.);
#2185=ORIENTED_EDGE('',*,*,#1460,.T.);
#2186=ORIENTED_EDGE('',*,*,#1659,.F.);
#2187=ORIENTED_EDGE('',*,*,#1637,.F.);
#2188=ORIENTED_EDGE('',*,*,#1660,.T.);
#2189=ORIENTED_EDGE('',*,*,#1631,.T.);
#2190=ORIENTED_EDGE('',*,*,#1551,.T.);
#2191=ORIENTED_EDGE('',*,*,#1533,.T.);
#2192=ORIENTED_EDGE('',*,*,#1553,.T.);
#2193=ORIENTED_EDGE('',*,*,#1630,.T.);
#2194=ORIENTED_EDGE('',*,*,#1661,.T.);
#2195=ORIENTED_EDGE('',*,*,#1662,.T.);
#2196=ORIENTED_EDGE('',*,*,#1648,.F.);
#2197=ORIENTED_EDGE('',*,*,#1554,.F.);
#2198=ORIENTED_EDGE('',*,*,#1662,.F.);
#2199=ORIENTED_EDGE('',*,*,#1663,.F.);
#2200=ORIENTED_EDGE('',*,*,#1414,.T.);
#2201=ORIENTED_EDGE('',*,*,#1664,.T.);
#2202=ORIENTED_EDGE('',*,*,#1559,.F.);
#2203=ORIENTED_EDGE('',*,*,#1478,.F.);
#2204=ORIENTED_EDGE('',*,*,#1413,.T.);
#2205=ORIENTED_EDGE('',*,*,#1665,.T.);
#2206=ORIENTED_EDGE('',*,*,#1560,.F.);
#2207=ORIENTED_EDGE('',*,*,#1664,.F.);
#2208=ORIENTED_EDGE('',*,*,#1412,.T.);
#2209=ORIENTED_EDGE('',*,*,#1666,.T.);
#2210=ORIENTED_EDGE('',*,*,#1561,.F.);
#2211=ORIENTED_EDGE('',*,*,#1665,.F.);
#2212=ORIENTED_EDGE('',*,*,#1407,.T.);
#2213=ORIENTED_EDGE('',*,*,#1477,.F.);
#2214=ORIENTED_EDGE('',*,*,#1667,.T.);
#2215=ORIENTED_EDGE('',*,*,#1562,.F.);
#2216=ORIENTED_EDGE('',*,*,#1666,.F.);
#2217=ORIENTED_EDGE('',*,*,#1411,.T.);
#2218=ORIENTED_EDGE('',*,*,#1654,.F.);
#2219=ORIENTED_EDGE('',*,*,#1563,.F.);
#2220=ORIENTED_EDGE('',*,*,#1667,.F.);
#2221=ORIENTED_EDGE('',*,*,#1476,.F.);
#2222=ORIENTED_EDGE('',*,*,#1557,.F.);
#2223=ORIENTED_EDGE('',*,*,#1652,.F.);
#2224=ORIENTED_EDGE('',*,*,#1457,.F.);
#2225=ORIENTED_EDGE('',*,*,#1668,.T.);
#2226=ORIENTED_EDGE('',*,*,#1558,.F.);
#2227=ORIENTED_EDGE('',*,*,#1668,.F.);
#2228=ORIENTED_EDGE('',*,*,#1456,.F.);
#2229=ORIENTED_EDGE('',*,*,#1480,.T.);
#2230=ORIENTED_EDGE('',*,*,#1428,.T.);
#2231=ORIENTED_EDGE('',*,*,#1669,.T.);
#2232=ORIENTED_EDGE('',*,*,#1544,.F.);
#2233=ORIENTED_EDGE('',*,*,#1525,.F.);
#2234=ORIENTED_EDGE('',*,*,#1427,.T.);
#2235=ORIENTED_EDGE('',*,*,#1670,.T.);
#2236=ORIENTED_EDGE('',*,*,#1545,.F.);
#2237=ORIENTED_EDGE('',*,*,#1669,.F.);
#2238=ORIENTED_EDGE('',*,*,#1426,.T.);
#2239=ORIENTED_EDGE('',*,*,#1671,.T.);
#2240=ORIENTED_EDGE('',*,*,#1546,.F.);
#2241=ORIENTED_EDGE('',*,*,#1670,.F.);
#2242=ORIENTED_EDGE('',*,*,#1421,.T.);
#2243=ORIENTED_EDGE('',*,*,#1524,.F.);
#2244=ORIENTED_EDGE('',*,*,#1672,.T.);
#2245=ORIENTED_EDGE('',*,*,#1547,.F.);
#2246=ORIENTED_EDGE('',*,*,#1671,.F.);
#2247=ORIENTED_EDGE('',*,*,#1425,.T.);
#2248=ORIENTED_EDGE('',*,*,#1548,.F.);
#2249=ORIENTED_EDGE('',*,*,#1672,.F.);
#2250=ORIENTED_EDGE('',*,*,#1523,.F.);
#2251=ORIENTED_EDGE('',*,*,#1673,.T.);
#2252=ORIENTED_EDGE('',*,*,#1549,.F.);
#2253=ORIENTED_EDGE('',*,*,#1673,.F.);
#2254=ORIENTED_EDGE('',*,*,#1522,.F.);
#2255=ORIENTED_EDGE('',*,*,#1674,.T.);
#2256=ORIENTED_EDGE('',*,*,#1531,.F.);
#2257=ORIENTED_EDGE('',*,*,#1550,.F.);
#2258=ORIENTED_EDGE('',*,*,#1674,.F.);
#2259=ORIENTED_EDGE('',*,*,#1675,.F.);
#2260=ORIENTED_EDGE('',*,*,#1537,.F.);
#2261=ORIENTED_EDGE('',*,*,#1503,.F.);
#2262=ORIENTED_EDGE('',*,*,#1527,.T.);
#2263=ORIENTED_EDGE('',*,*,#1543,.F.);
#2264=ORIENTED_EDGE('',*,*,#1661,.F.);
#2265=ORIENTED_EDGE('',*,*,#1629,.F.);
#2266=ORIENTED_EDGE('',*,*,#1653,.F.);
#2267=ORIENTED_EDGE('',*,*,#1649,.F.);
#2268=ORIENTED_EDGE('',*,*,#1646,.F.);
#2269=ORIENTED_EDGE('',*,*,#1663,.T.);
#2270=ORIENTED_EDGE('',*,*,#1660,.F.);
#2271=ORIENTED_EDGE('',*,*,#1532,.T.);
#2272=ORIENTED_EDGE('',*,*,#1528,.F.);
#2273=ORIENTED_EDGE('',*,*,#1676,.F.);
#2274=ORIENTED_EDGE('',*,*,#1624,.F.);
#2275=ORIENTED_EDGE('',*,*,#1626,.F.);
#2276=ORIENTED_EDGE('',*,*,#1459,.T.);
#2277=ORIENTED_EDGE('',*,*,#1651,.F.);
#2278=ORIENTED_EDGE('',*,*,#1638,.F.);
#2279=ORIENTED_EDGE('',*,*,#1659,.T.);
#2280=ORIENTED_EDGE('',*,*,#1520,.T.);
#2281=ORIENTED_EDGE('',*,*,#1677,.F.);
#2282=ORIENTED_EDGE('',*,*,#1633,.F.);
#2283=ORIENTED_EDGE('',*,*,#1678,.T.);
#2284=ORIENTED_EDGE('',*,*,#1625,.F.);
#2285=ORIENTED_EDGE('',*,*,#1676,.T.);
#2286=ORIENTED_EDGE('',*,*,#1675,.T.);
#2287=ORIENTED_EDGE('',*,*,#1521,.T.);
#2288=ORIENTED_EDGE('',*,*,#1678,.F.);
#2289=ORIENTED_EDGE('',*,*,#1632,.F.);
#2290=ORIENTED_EDGE('',*,*,#1452,.T.);
#2291=ORIENTED_EDGE('',*,*,#1679,.F.);
#2292=ORIENTED_EDGE('',*,*,#1388,.T.);
#2293=ORIENTED_EDGE('',*,*,#1680,.F.);
#2294=ORIENTED_EDGE('',*,*,#1451,.T.);
#2295=ORIENTED_EDGE('',*,*,#1681,.T.);
#2296=ORIENTED_EDGE('',*,*,#1579,.F.);
#2297=ORIENTED_EDGE('',*,*,#1363,.F.);
#2298=ORIENTED_EDGE('',*,*,#1389,.T.);
#2299=ORIENTED_EDGE('',*,*,#1679,.T.);
#2300=ORIENTED_EDGE('',*,*,#1450,.T.);
#2301=ORIENTED_EDGE('',*,*,#1682,.T.);
#2302=ORIENTED_EDGE('',*,*,#1580,.F.);
#2303=ORIENTED_EDGE('',*,*,#1681,.F.);
#2304=ORIENTED_EDGE('',*,*,#1449,.T.);
#2305=ORIENTED_EDGE('',*,*,#1683,.T.);
#2306=ORIENTED_EDGE('',*,*,#1581,.F.);
#2307=ORIENTED_EDGE('',*,*,#1682,.F.);
#2308=ORIENTED_EDGE('',*,*,#1448,.T.);
#2309=ORIENTED_EDGE('',*,*,#1684,.T.);
#2310=ORIENTED_EDGE('',*,*,#1582,.F.);
#2311=ORIENTED_EDGE('',*,*,#1683,.F.);
#2312=ORIENTED_EDGE('',*,*,#1447,.T.);
#2313=ORIENTED_EDGE('',*,*,#1685,.T.);
#2314=ORIENTED_EDGE('',*,*,#1583,.F.);
#2315=ORIENTED_EDGE('',*,*,#1684,.F.);
#2316=ORIENTED_EDGE('',*,*,#1446,.T.);
#2317=ORIENTED_EDGE('',*,*,#1686,.T.);
#2318=ORIENTED_EDGE('',*,*,#1584,.F.);
#2319=ORIENTED_EDGE('',*,*,#1685,.F.);
#2320=ORIENTED_EDGE('',*,*,#1445,.T.);
#2321=ORIENTED_EDGE('',*,*,#1687,.T.);
#2322=ORIENTED_EDGE('',*,*,#1585,.F.);
#2323=ORIENTED_EDGE('',*,*,#1686,.F.);
#2324=ORIENTED_EDGE('',*,*,#1444,.T.);
#2325=ORIENTED_EDGE('',*,*,#1688,.T.);
#2326=ORIENTED_EDGE('',*,*,#1586,.F.);
#2327=ORIENTED_EDGE('',*,*,#1687,.F.);
#2328=ORIENTED_EDGE('',*,*,#1443,.T.);
#2329=ORIENTED_EDGE('',*,*,#1689,.T.);
#2330=ORIENTED_EDGE('',*,*,#1587,.F.);
#2331=ORIENTED_EDGE('',*,*,#1688,.F.);
#2332=ORIENTED_EDGE('',*,*,#1465,.T.);
#2333=ORIENTED_EDGE('',*,*,#1690,.T.);
#2334=ORIENTED_EDGE('',*,*,#1618,.F.);
#2335=ORIENTED_EDGE('',*,*,#1691,.F.);
#2336=ORIENTED_EDGE('',*,*,#1464,.T.);
#2337=ORIENTED_EDGE('',*,*,#1692,.T.);
#2338=ORIENTED_EDGE('',*,*,#1619,.F.);
#2339=ORIENTED_EDGE('',*,*,#1690,.F.);
#2340=ORIENTED_EDGE('',*,*,#1463,.T.);
#2341=ORIENTED_EDGE('',*,*,#1693,.T.);
#2342=ORIENTED_EDGE('',*,*,#1620,.F.);
#2343=ORIENTED_EDGE('',*,*,#1692,.F.);
#2344=ORIENTED_EDGE('',*,*,#1462,.T.);
#2345=ORIENTED_EDGE('',*,*,#1694,.T.);
#2346=ORIENTED_EDGE('',*,*,#1621,.F.);
#2347=ORIENTED_EDGE('',*,*,#1693,.F.);
#2348=ORIENTED_EDGE('',*,*,#1461,.T.);
#2349=ORIENTED_EDGE('',*,*,#1658,.T.);
#2350=ORIENTED_EDGE('',*,*,#1610,.F.);
#2351=ORIENTED_EDGE('',*,*,#1694,.F.);
#2352=ORIENTED_EDGE('',*,*,#1495,.T.);
#2353=ORIENTED_EDGE('',*,*,#1695,.T.);
#2354=ORIENTED_EDGE('',*,*,#1571,.F.);
#2355=ORIENTED_EDGE('',*,*,#1696,.F.);
#2356=ORIENTED_EDGE('',*,*,#1494,.T.);
#2357=ORIENTED_EDGE('',*,*,#1697,.T.);
#2358=ORIENTED_EDGE('',*,*,#1572,.F.);
#2359=ORIENTED_EDGE('',*,*,#1695,.F.);
#2360=ORIENTED_EDGE('',*,*,#1493,.T.);
#2361=ORIENTED_EDGE('',*,*,#1698,.T.);
#2362=ORIENTED_EDGE('',*,*,#1573,.F.);
#2363=ORIENTED_EDGE('',*,*,#1697,.F.);
#2364=ORIENTED_EDGE('',*,*,#1492,.T.);
#2365=ORIENTED_EDGE('',*,*,#1699,.T.);
#2366=ORIENTED_EDGE('',*,*,#1574,.F.);
#2367=ORIENTED_EDGE('',*,*,#1698,.F.);
#2368=ORIENTED_EDGE('',*,*,#1491,.T.);
#2369=ORIENTED_EDGE('',*,*,#1700,.T.);
#2370=ORIENTED_EDGE('',*,*,#1575,.F.);
#2371=ORIENTED_EDGE('',*,*,#1699,.F.);
#2372=ORIENTED_EDGE('',*,*,#1490,.T.);
#2373=ORIENTED_EDGE('',*,*,#1701,.T.);
#2374=ORIENTED_EDGE('',*,*,#1576,.F.);
#2375=ORIENTED_EDGE('',*,*,#1700,.F.);
#2376=ORIENTED_EDGE('',*,*,#1489,.T.);
#2377=ORIENTED_EDGE('',*,*,#1702,.T.);
#2378=ORIENTED_EDGE('',*,*,#1577,.F.);
#2379=ORIENTED_EDGE('',*,*,#1701,.F.);
#2380=ORIENTED_EDGE('',*,*,#1488,.T.);
#2381=ORIENTED_EDGE('',*,*,#1384,.T.);
#2382=ORIENTED_EDGE('',*,*,#1578,.F.);
#2383=ORIENTED_EDGE('',*,*,#1702,.F.);
#2384=ORIENTED_EDGE('',*,*,#1487,.T.);
#2385=ORIENTED_EDGE('',*,*,#1703,.T.);
#2386=ORIENTED_EDGE('',*,*,#1397,.T.);
#2387=ORIENTED_EDGE('',*,*,#1353,.T.);
#2388=ORIENTED_EDGE('',*,*,#1386,.T.);
#2389=ORIENTED_EDGE('',*,*,#1518,.T.);
#2390=ORIENTED_EDGE('',*,*,#1704,.T.);
#2391=ORIENTED_EDGE('',*,*,#1606,.F.);
#2392=ORIENTED_EDGE('',*,*,#1705,.F.);
#2393=ORIENTED_EDGE('',*,*,#1517,.T.);
#2394=ORIENTED_EDGE('',*,*,#1706,.T.);
#2395=ORIENTED_EDGE('',*,*,#1607,.F.);
#2396=ORIENTED_EDGE('',*,*,#1704,.F.);
#2397=ORIENTED_EDGE('',*,*,#1516,.T.);
#2398=ORIENTED_EDGE('',*,*,#1707,.T.);
#2399=ORIENTED_EDGE('',*,*,#1608,.F.);
#2400=ORIENTED_EDGE('',*,*,#1706,.F.);
#2401=ORIENTED_EDGE('',*,*,#1515,.T.);
#2402=ORIENTED_EDGE('',*,*,#1708,.T.);
#2403=ORIENTED_EDGE('',*,*,#1609,.F.);
#2404=ORIENTED_EDGE('',*,*,#1707,.F.);
#2405=ORIENTED_EDGE('',*,*,#1514,.T.);
#2406=ORIENTED_EDGE('',*,*,#1709,.T.);
#2407=ORIENTED_EDGE('',*,*,#1598,.F.);
#2408=ORIENTED_EDGE('',*,*,#1708,.F.);
#2409=ORIENTED_EDGE('',*,*,#1513,.T.);
#2410=ORIENTED_EDGE('',*,*,#1710,.T.);
#2411=ORIENTED_EDGE('',*,*,#1599,.F.);
#2412=ORIENTED_EDGE('',*,*,#1709,.F.);
#2413=ORIENTED_EDGE('',*,*,#1485,.T.);
#2414=ORIENTED_EDGE('',*,*,#1393,.T.);
#2415=ORIENTED_EDGE('',*,*,#1375,.T.);
#2416=ORIENTED_EDGE('',*,*,#1399,.T.);
#2417=ORIENTED_EDGE('',*,*,#1711,.T.);
#2418=ORIENTED_EDGE('',*,*,#1486,.T.);
#2419=ORIENTED_EDGE('',*,*,#1711,.F.);
#2420=ORIENTED_EDGE('',*,*,#1398,.T.);
#2421=ORIENTED_EDGE('',*,*,#1703,.F.);
#2422=ORIENTED_EDGE('',*,*,#1498,.T.);
#2423=ORIENTED_EDGE('',*,*,#1712,.T.);
#2424=ORIENTED_EDGE('',*,*,#1349,.T.);
#2425=ORIENTED_EDGE('',*,*,#1402,.T.);
#2426=ORIENTED_EDGE('',*,*,#1713,.T.);
#2427=ORIENTED_EDGE('',*,*,#1499,.T.);
#2428=ORIENTED_EDGE('',*,*,#1713,.F.);
#2429=ORIENTED_EDGE('',*,*,#1401,.T.);
#2430=ORIENTED_EDGE('',*,*,#1714,.F.);
#2431=ORIENTED_EDGE('',*,*,#1500,.T.);
#2432=ORIENTED_EDGE('',*,*,#1714,.T.);
#2433=ORIENTED_EDGE('',*,*,#1400,.T.);
#2434=ORIENTED_EDGE('',*,*,#1379,.T.);
#2435=ORIENTED_EDGE('',*,*,#1715,.T.);
#2436=ORIENTED_EDGE('',*,*,#1593,.F.);
#2437=ORIENTED_EDGE('',*,*,#1716,.T.);
#2438=ORIENTED_EDGE('',*,*,#1717,.F.);
#2439=ORIENTED_EDGE('',*,*,#1716,.F.);
#2440=ORIENTED_EDGE('',*,*,#1717,.T.);
#2441=ORIENTED_EDGE('',*,*,#1718,.F.);
#2442=ORIENTED_EDGE('',*,*,#1594,.F.);
#2443=ORIENTED_EDGE('',*,*,#1719,.T.);
#2444=ORIENTED_EDGE('',*,*,#1720,.F.);
#2445=ORIENTED_EDGE('',*,*,#1719,.F.);
#2446=ORIENTED_EDGE('',*,*,#1720,.T.);
#2447=ORIENTED_EDGE('',*,*,#1721,.F.);
#2448=ORIENTED_EDGE('',*,*,#1595,.F.);
#2449=ORIENTED_EDGE('',*,*,#1722,.T.);
#2450=ORIENTED_EDGE('',*,*,#1723,.F.);
#2451=ORIENTED_EDGE('',*,*,#1722,.F.);
#2452=ORIENTED_EDGE('',*,*,#1723,.T.);
#2453=ORIENTED_EDGE('',*,*,#1724,.F.);
#2454=ORIENTED_EDGE('',*,*,#1350,.F.);
#2455=ORIENTED_EDGE('',*,*,#1712,.F.);
#2456=ORIENTED_EDGE('',*,*,#1497,.T.);
#2457=ORIENTED_EDGE('',*,*,#1725,.T.);
#2458=ORIENTED_EDGE('',*,*,#1569,.F.);
#2459=ORIENTED_EDGE('',*,*,#1453,.T.);
#2460=ORIENTED_EDGE('',*,*,#1680,.T.);
#2461=ORIENTED_EDGE('',*,*,#1387,.T.);
#2462=ORIENTED_EDGE('',*,*,#1336,.T.);
#2463=ORIENTED_EDGE('',*,*,#1568,.F.);
#2464=ORIENTED_EDGE('',*,*,#1726,.T.);
#2465=ORIENTED_EDGE('',*,*,#1437,.T.);
#2466=ORIENTED_EDGE('',*,*,#1727,.T.);
#2467=ORIENTED_EDGE('',*,*,#1565,.F.);
#2468=ORIENTED_EDGE('',*,*,#1334,.F.);
#2469=ORIENTED_EDGE('',*,*,#1392,.T.);
#2470=ORIENTED_EDGE('',*,*,#1728,.T.);
#2471=ORIENTED_EDGE('',*,*,#1436,.T.);
#2472=ORIENTED_EDGE('',*,*,#1434,.T.);
#2473=ORIENTED_EDGE('',*,*,#1566,.F.);
#2474=ORIENTED_EDGE('',*,*,#1727,.F.);
#2475=ORIENTED_EDGE('',*,*,#1439,.T.);
#2476=ORIENTED_EDGE('',*,*,#1729,.T.);
#2477=ORIENTED_EDGE('',*,*,#1390,.T.);
#2478=ORIENTED_EDGE('',*,*,#1365,.T.);
#2479=ORIENTED_EDGE('',*,*,#1591,.F.);
#2480=ORIENTED_EDGE('',*,*,#1730,.T.);
#2481=ORIENTED_EDGE('',*,*,#1440,.T.);
#2482=ORIENTED_EDGE('',*,*,#1730,.F.);
#2483=ORIENTED_EDGE('',*,*,#1590,.F.);
#2484=ORIENTED_EDGE('',*,*,#1731,.F.);
#2485=ORIENTED_EDGE('',*,*,#1466,.T.);
#2486=ORIENTED_EDGE('',*,*,#1691,.T.);
#2487=ORIENTED_EDGE('',*,*,#1617,.F.);
#2488=ORIENTED_EDGE('',*,*,#1732,.F.);
#2489=ORIENTED_EDGE('',*,*,#1467,.T.);
#2490=ORIENTED_EDGE('',*,*,#1732,.T.);
#2491=ORIENTED_EDGE('',*,*,#1616,.F.);
#2492=ORIENTED_EDGE('',*,*,#1733,.F.);
#2493=ORIENTED_EDGE('',*,*,#1468,.T.);
#2494=ORIENTED_EDGE('',*,*,#1733,.T.);
#2495=ORIENTED_EDGE('',*,*,#1615,.F.);
#2496=ORIENTED_EDGE('',*,*,#1734,.F.);
#2497=ORIENTED_EDGE('',*,*,#1469,.T.);
#2498=ORIENTED_EDGE('',*,*,#1734,.T.);
#2499=ORIENTED_EDGE('',*,*,#1614,.F.);
#2500=ORIENTED_EDGE('',*,*,#1735,.F.);
#2501=ORIENTED_EDGE('',*,*,#1470,.T.);
#2502=ORIENTED_EDGE('',*,*,#1735,.T.);
#2503=ORIENTED_EDGE('',*,*,#1613,.F.);
#2504=ORIENTED_EDGE('',*,*,#1736,.F.);
#2505=ORIENTED_EDGE('',*,*,#1471,.T.);
#2506=ORIENTED_EDGE('',*,*,#1736,.T.);
#2507=ORIENTED_EDGE('',*,*,#1612,.F.);
#2508=ORIENTED_EDGE('',*,*,#1657,.F.);
#2509=ORIENTED_EDGE('',*,*,#1655,.F.);
#2510=ORIENTED_EDGE('',*,*,#1634,.F.);
#2511=ORIENTED_EDGE('',*,*,#1677,.T.);
#2512=ORIENTED_EDGE('',*,*,#1519,.T.);
#2513=ORIENTED_EDGE('',*,*,#1705,.T.);
#2514=ORIENTED_EDGE('',*,*,#1605,.F.);
#2515=ORIENTED_EDGE('',*,*,#1737,.F.);
#2516=ORIENTED_EDGE('',*,*,#1507,.T.);
#2517=ORIENTED_EDGE('',*,*,#1508,.T.);
#2518=ORIENTED_EDGE('',*,*,#1737,.T.);
#2519=ORIENTED_EDGE('',*,*,#1604,.F.);
#2520=ORIENTED_EDGE('',*,*,#1738,.F.);
#2521=ORIENTED_EDGE('',*,*,#1509,.T.);
#2522=ORIENTED_EDGE('',*,*,#1738,.T.);
#2523=ORIENTED_EDGE('',*,*,#1603,.F.);
#2524=ORIENTED_EDGE('',*,*,#1739,.F.);
#2525=ORIENTED_EDGE('',*,*,#1510,.T.);
#2526=ORIENTED_EDGE('',*,*,#1739,.T.);
#2527=ORIENTED_EDGE('',*,*,#1602,.F.);
#2528=ORIENTED_EDGE('',*,*,#1740,.F.);
#2529=ORIENTED_EDGE('',*,*,#1511,.T.);
#2530=ORIENTED_EDGE('',*,*,#1740,.T.);
#2531=ORIENTED_EDGE('',*,*,#1601,.F.);
#2532=ORIENTED_EDGE('',*,*,#1741,.F.);
#2533=ORIENTED_EDGE('',*,*,#1512,.T.);
#2534=ORIENTED_EDGE('',*,*,#1741,.T.);
#2535=ORIENTED_EDGE('',*,*,#1600,.F.);
#2536=ORIENTED_EDGE('',*,*,#1710,.F.);
#2537=ORIENTED_EDGE('',*,*,#1718,.T.);
#2538=ORIENTED_EDGE('',*,*,#1742,.T.);
#2539=ORIENTED_EDGE('',*,*,#1645,.F.);
#2540=ORIENTED_EDGE('',*,*,#1742,.F.);
#2541=ORIENTED_EDGE('',*,*,#1724,.T.);
#2542=ORIENTED_EDGE('',*,*,#1743,.T.);
#2543=ORIENTED_EDGE('',*,*,#1644,.F.);
#2544=ORIENTED_EDGE('',*,*,#1743,.F.);
#2545=ORIENTED_EDGE('',*,*,#1454,.T.);
#2546=ORIENTED_EDGE('',*,*,#1726,.F.);
#2547=ORIENTED_EDGE('',*,*,#1567,.F.);
#2548=ORIENTED_EDGE('',*,*,#1432,.F.);
#2549=ORIENTED_EDGE('',*,*,#1438,.T.);
#2550=ORIENTED_EDGE('',*,*,#1728,.F.);
#2551=ORIENTED_EDGE('',*,*,#1391,.T.);
#2552=ORIENTED_EDGE('',*,*,#1729,.F.);
#2553=ORIENTED_EDGE('',*,*,#1441,.T.);
#2554=ORIENTED_EDGE('',*,*,#1731,.T.);
#2555=ORIENTED_EDGE('',*,*,#1589,.F.);
#2556=ORIENTED_EDGE('',*,*,#1744,.F.);
#2557=ORIENTED_EDGE('',*,*,#1442,.T.);
#2558=ORIENTED_EDGE('',*,*,#1744,.T.);
#2559=ORIENTED_EDGE('',*,*,#1588,.F.);
#2560=ORIENTED_EDGE('',*,*,#1689,.F.);
#2561=ORIENTED_EDGE('',*,*,#1496,.T.);
#2562=ORIENTED_EDGE('',*,*,#1696,.T.);
#2563=ORIENTED_EDGE('',*,*,#1570,.F.);
#2564=ORIENTED_EDGE('',*,*,#1725,.F.);
#2565=ORIENTED_EDGE('',*,*,#1378,.T.);
#2566=ORIENTED_EDGE('',*,*,#1592,.F.);
#2567=ORIENTED_EDGE('',*,*,#1482,.F.);
#2568=ORIENTED_EDGE('',*,*,#1501,.T.);
#2569=ORIENTED_EDGE('',*,*,#1715,.F.);
#2570=ORIENTED_EDGE('',*,*,#1597,.F.);
#2571=ORIENTED_EDGE('',*,*,#1745,.T.);
#2572=ORIENTED_EDGE('',*,*,#1643,.F.);
#2573=ORIENTED_EDGE('',*,*,#1745,.F.);
#2574=ORIENTED_EDGE('',*,*,#1721,.T.);
#2575=ORIENTED_EDGE('',*,*,#1746,.T.);
#2576=ORIENTED_EDGE('',*,*,#1642,.F.);
#2577=ORIENTED_EDGE('',*,*,#1746,.F.);
#2578=ORIENTED_EDGE('',*,*,#1596,.F.);
#2579=ORIENTED_EDGE('',*,*,#1747,.T.);
#2580=ORIENTED_EDGE('',*,*,#1641,.F.);
#2581=ORIENTED_EDGE('',*,*,#1747,.F.);
#2582=CYLINDRICAL_SURFACE('',#2816,0.649999999999999);
#2583=CYLINDRICAL_SURFACE('',#2819,0.650000000000001);
#2584=CYLINDRICAL_SURFACE('',#2824,0.649999999999999);
#2585=CYLINDRICAL_SURFACE('',#2827,1.0000000383028);
#2586=CYLINDRICAL_SURFACE('',#2830,0.999999936800381);
#2587=CYLINDRICAL_SURFACE('',#2833,0.649999999999999);
#2588=CYLINDRICAL_SURFACE('',#2837,0.649999999999999);
#2589=CYLINDRICAL_SURFACE('',#2840,0.649999999999999);
#2590=CYLINDRICAL_SURFACE('',#2844,0.650000000000001);
#2591=CYLINDRICAL_SURFACE('',#2847,0.999999961697204);
#2592=CYLINDRICAL_SURFACE('',#2850,1.00000006319962);
#2593=CYLINDRICAL_SURFACE('',#2853,0.649999999999999);
#2594=CYLINDRICAL_SURFACE('',#2856,0.649999999999999);
#2595=CYLINDRICAL_SURFACE('',#2864,0.649999999999999);
#2596=CYLINDRICAL_SURFACE('',#2913,1.64999999999999);
#2597=CYLINDRICAL_SURFACE('',#2940,1.65);
#2598=CYLINDRICAL_SURFACE('',#2942,2.);
#2599=CYLINDRICAL_SURFACE('',#2946,2.);
#2600=CYLINDRICAL_SURFACE('',#2948,17.5);
#2601=CYLINDRICAL_SURFACE('',#3000,2.);
#2602=CYLINDRICAL_SURFACE('',#3003,17.5);
#2603=CYLINDRICAL_SURFACE('',#3018,2.);
#2604=CYLINDRICAL_SURFACE('',#3021,2.);
#2605=CYLINDRICAL_SURFACE('',#3023,2.);
#2606=CYLINDRICAL_SURFACE('',#3024,0.5);
#2607=CYLINDRICAL_SURFACE('',#3025,0.5);
#2608=CYLINDRICAL_SURFACE('',#3027,0.5);
#2609=CYLINDRICAL_SURFACE('',#3029,0.5);
#2610=CYLINDRICAL_SURFACE('',#3032,1.19999999999999);
#2611=CYLINDRICAL_SURFACE('',#3034,1.20000000000003);
#2612=CYLINDRICAL_SURFACE('',#3035,1.65);
#2613=CYLINDRICAL_SURFACE('',#3037,2.);
#2614=CYLINDRICAL_SURFACE('',#3039,1.20000000000003);
#2615=CYLINDRICAL_SURFACE('',#3041,1.19999999999999);
#2616=CYLINDRICAL_SURFACE('',#3042,1.65);
#2617=CYLINDRICAL_SURFACE('',#3044,2.);
#2618=CYLINDRICAL_SURFACE('',#3049,2.);
#2619=CYLINDRICAL_SURFACE('',#3050,2.);
#2620=CYLINDRICAL_SURFACE('',#3053,1.);
#2621=CYLINDRICAL_SURFACE('',#3054,0.649999999999999);
#2622=CYLINDRICAL_SURFACE('',#3056,1.99999999999973);
#2623=CYLINDRICAL_SURFACE('',#3058,2.0000000000001);
#2624=CYLINDRICAL_SURFACE('',#3060,1.99999999999978);
#2625=CYLINDRICAL_SURFACE('',#3062,1.6000000000001);
#2626=CYLINDRICAL_SURFACE('',#3064,2.39999999999973);
#2627=CYLINDRICAL_SURFACE('',#3066,0.599999999999786);
#2628=CYLINDRICAL_SURFACE('',#3067,2.00000000000001);
#2629=CYLINDRICAL_SURFACE('',#3069,1.99999999999978);
#2630=CYLINDRICAL_SURFACE('',#3071,2.0000000000001);
#2631=CYLINDRICAL_SURFACE('',#3073,1.99999999999973);
#2632=CYLINDRICAL_SURFACE('',#3075,1.);
#2633=CYLINDRICAL_SURFACE('',#3076,0.600000000000003);
#2634=CYLINDRICAL_SURFACE('',#3078,2.39999999999973);
#2635=CYLINDRICAL_SURFACE('',#3080,1.6000000000001);
#2636=CYLINDRICAL_SURFACE('',#3082,1.);
#2637=CYLINDRICAL_SURFACE('',#3084,1.);
#2638=CYLINDRICAL_SURFACE('',#3086,1.);
#2639=CYLINDRICAL_SURFACE('',#3087,2.6);
#2640=CYLINDRICAL_SURFACE('',#3091,2.6);
#2641=CYLINDRICAL_SURFACE('',#3095,2.6);
#2642=CYLINDRICAL_SURFACE('',#3099,0.649999999999999);
#2643=CYLINDRICAL_SURFACE('',#3100,1.);
#2644=CYLINDRICAL_SURFACE('',#3101,1.);
#2645=CYLINDRICAL_SURFACE('',#3102,0.649999999999999);
#2646=CYLINDRICAL_SURFACE('',#3103,1.);
#2647=CYLINDRICAL_SURFACE('',#3104,0.649999999999999);
#2648=CYLINDRICAL_SURFACE('',#3106,1.59999999999978);
#2649=CYLINDRICAL_SURFACE('',#3108,2.40000000000001);
#2650=CYLINDRICAL_SURFACE('',#3110,0.599999999999994);
#2651=CYLINDRICAL_SURFACE('',#3112,0.599999999999993);
#2652=CYLINDRICAL_SURFACE('',#3114,2.40000000000001);
#2653=CYLINDRICAL_SURFACE('',#3116,1.59999999999977);
#2654=CYLINDRICAL_SURFACE('',#3117,1.65);
#2655=CYLINDRICAL_SURFACE('',#3118,1.65);
#2656=CYLINDRICAL_SURFACE('',#3119,0.649999999999999);
#2657=CYLINDRICAL_SURFACE('',#3122,2.00000000000001);
#2658=CYLINDRICAL_SURFACE('',#3124,0.649999999999999);
#2659=CYLINDRICAL_SURFACE('',#3125,1.025);
#2660=CYLINDRICAL_SURFACE('',#3126,1.65);
#2661=CYLINDRICAL_SURFACE('',#3127,1.025);
#2662=ADVANCED_FACE('',(#94),#2582,.F.);
#2663=ADVANCED_FACE('',(#95),#2583,.F.);
#2664=ADVANCED_FACE('',(#96),#34,.F.);
#2665=ADVANCED_FACE('',(#97),#35,.F.);
#2666=ADVANCED_FACE('',(#98),#2584,.F.);
#2667=ADVANCED_FACE('',(#99),#2585,.T.);
#2668=ADVANCED_FACE('',(#100),#2586,.T.);
#2669=ADVANCED_FACE('',(#101),#2587,.F.);
#2670=ADVANCED_FACE('',(#102),#36,.F.);
#2671=ADVANCED_FACE('',(#103),#2588,.F.);
#2672=ADVANCED_FACE('',(#104),#2589,.F.);
#2673=ADVANCED_FACE('',(#105),#37,.F.);
#2674=ADVANCED_FACE('',(#106),#2590,.F.);
#2675=ADVANCED_FACE('',(#107),#2591,.T.);
#2676=ADVANCED_FACE('',(#108),#2592,.T.);
#2677=ADVANCED_FACE('',(#109),#2593,.F.);
#2678=ADVANCED_FACE('',(#110),#2594,.F.);
#2679=ADVANCED_FACE('',(#111),#38,.T.);
#2680=ADVANCED_FACE('',(#112),#2595,.F.);
#2681=ADVANCED_FACE('',(#113),#39,.F.);
#2682=ADVANCED_FACE('',(#114),#40,.F.);
#2683=ADVANCED_FACE('',(#115),#41,.F.);
#2684=ADVANCED_FACE('',(#116),#42,.T.);
#2685=ADVANCED_FACE('',(#117),#43,.F.);
#2686=ADVANCED_FACE('',(#118),#44,.F.);
#2687=ADVANCED_FACE('',(#119),#45,.T.);
#2688=ADVANCED_FACE('',(#120),#46,.T.);
#2689=ADVANCED_FACE('',(#121),#47,.T.);
#2690=ADVANCED_FACE('',(#122),#2596,.T.);
#2691=ADVANCED_FACE('',(#123),#48,.T.);
#2692=ADVANCED_FACE('',(#124),#49,.T.);
#2693=ADVANCED_FACE('',(#125),#2597,.T.);
#2694=ADVANCED_FACE('',(#126),#2598,.F.);
#2695=ADVANCED_FACE('',(#127),#50,.F.);
#2696=ADVANCED_FACE('',(#128),#2599,.T.);
#2697=ADVANCED_FACE('',(#129),#2600,.T.);
#2698=ADVANCED_FACE('',(#130,#15,#16,#17,#18,#19,#20,#21,#22,#23,#24,#25),
#51,.F.);
#2699=ADVANCED_FACE('',(#131),#2601,.T.);
#2700=ADVANCED_FACE('',(#132),#2602,.T.);
#2701=ADVANCED_FACE('',(#133,#26,#27,#28,#29,#30),#52,.T.);
#2702=ADVANCED_FACE('',(#134),#2603,.F.);
#2703=ADVANCED_FACE('',(#135),#53,.F.);
#2704=ADVANCED_FACE('',(#136),#2604,.T.);
#2705=ADVANCED_FACE('',(#137),#2605,.T.);
#2706=ADVANCED_FACE('',(#138),#2606,.T.);
#2707=ADVANCED_FACE('',(#139),#2607,.T.);
#2708=ADVANCED_FACE('',(#140),#54,.T.);
#2709=ADVANCED_FACE('',(#141),#2608,.T.);
#2710=ADVANCED_FACE('',(#142),#2609,.T.);
#2711=ADVANCED_FACE('',(#143),#55,.F.);
#2712=ADVANCED_FACE('',(#144),#2610,.F.);
#2713=ADVANCED_FACE('',(#145),#56,.F.);
#2714=ADVANCED_FACE('',(#146),#2611,.F.);
#2715=ADVANCED_FACE('',(#147),#2612,.T.);
#2716=ADVANCED_FACE('',(#148),#57,.F.);
#2717=ADVANCED_FACE('',(#149),#2613,.F.);
#2718=ADVANCED_FACE('',(#150),#58,.F.);
#2719=ADVANCED_FACE('',(#151),#2614,.F.);
#2720=ADVANCED_FACE('',(#152),#59,.F.);
#2721=ADVANCED_FACE('',(#153),#2615,.F.);
#2722=ADVANCED_FACE('',(#154),#2616,.T.);
#2723=ADVANCED_FACE('',(#155),#60,.F.);
#2724=ADVANCED_FACE('',(#156),#2617,.F.);
#2725=ADVANCED_FACE('',(#157),#61,.F.);
#2726=ADVANCED_FACE('',(#158),#62,.F.);
#2727=ADVANCED_FACE('',(#159),#63,.T.);
#2728=ADVANCED_FACE('',(#160),#64,.T.);
#2729=ADVANCED_FACE('',(#161),#2618,.F.);
#2730=ADVANCED_FACE('',(#162),#2619,.F.);
#2731=ADVANCED_FACE('',(#163),#65,.F.);
#2732=ADVANCED_FACE('',(#164),#66,.T.);
#2733=ADVANCED_FACE('',(#165),#2620,.T.);
#2734=ADVANCED_FACE('',(#166),#2621,.F.);
#2735=ADVANCED_FACE('',(#167),#67,.T.);
#2736=ADVANCED_FACE('',(#168),#2622,.F.);
#2737=ADVANCED_FACE('',(#169),#68,.T.);
#2738=ADVANCED_FACE('',(#170),#2623,.T.);
#2739=ADVANCED_FACE('',(#171),#69,.T.);
#2740=ADVANCED_FACE('',(#172),#2624,.T.);
#2741=ADVANCED_FACE('',(#173),#70,.T.);
#2742=ADVANCED_FACE('',(#174),#2625,.F.);
#2743=ADVANCED_FACE('',(#175),#71,.T.);
#2744=ADVANCED_FACE('',(#176),#2626,.T.);
#2745=ADVANCED_FACE('',(#177),#72,.T.);
#2746=ADVANCED_FACE('',(#178),#2627,.F.);
#2747=ADVANCED_FACE('',(#179),#2628,.F.);
#2748=ADVANCED_FACE('',(#180),#73,.T.);
#2749=ADVANCED_FACE('',(#181),#2629,.T.);
#2750=ADVANCED_FACE('',(#182),#74,.T.);
#2751=ADVANCED_FACE('',(#183),#2630,.T.);
#2752=ADVANCED_FACE('',(#184),#75,.T.);
#2753=ADVANCED_FACE('',(#185),#2631,.F.);
#2754=ADVANCED_FACE('',(#186),#76,.T.);
#2755=ADVANCED_FACE('',(#187),#2632,.T.);
#2756=ADVANCED_FACE('',(#188),#2633,.F.);
#2757=ADVANCED_FACE('',(#189),#77,.T.);
#2758=ADVANCED_FACE('',(#190),#2634,.T.);
#2759=ADVANCED_FACE('',(#191),#78,.T.);
#2760=ADVANCED_FACE('',(#192),#2635,.F.);
#2761=ADVANCED_FACE('',(#193),#79,.T.);
#2762=ADVANCED_FACE('',(#194),#2636,.T.);
#2763=ADVANCED_FACE('',(#195),#80,.T.);
#2764=ADVANCED_FACE('',(#196),#2637,.T.);
#2765=ADVANCED_FACE('',(#197),#81,.T.);
#2766=ADVANCED_FACE('',(#198),#2638,.T.);
#2767=ADVANCED_FACE('',(#199),#2639,.F.);
#2768=ADVANCED_FACE('',(#200,#31),#82,.F.);
#2769=ADVANCED_FACE('',(#201),#2640,.F.);
#2770=ADVANCED_FACE('',(#202,#32),#83,.F.);
#2771=ADVANCED_FACE('',(#203),#2641,.F.);
#2772=ADVANCED_FACE('',(#204,#33),#84,.F.);
#2773=ADVANCED_FACE('',(#205),#2642,.F.);
#2774=ADVANCED_FACE('',(#206),#2643,.T.);
#2775=ADVANCED_FACE('',(#207),#2644,.T.);
#2776=ADVANCED_FACE('',(#208),#2645,.F.);
#2777=ADVANCED_FACE('',(#209),#2646,.T.);
#2778=ADVANCED_FACE('',(#210),#2647,.F.);
#2779=ADVANCED_FACE('',(#211),#85,.T.);
#2780=ADVANCED_FACE('',(#212),#2648,.F.);
#2781=ADVANCED_FACE('',(#213),#86,.T.);
#2782=ADVANCED_FACE('',(#214),#2649,.T.);
#2783=ADVANCED_FACE('',(#215),#87,.T.);
#2784=ADVANCED_FACE('',(#216),#2650,.F.);
#2785=ADVANCED_FACE('',(#217),#88,.T.);
#2786=ADVANCED_FACE('',(#218),#2651,.F.);
#2787=ADVANCED_FACE('',(#219),#89,.T.);
#2788=ADVANCED_FACE('',(#220),#2652,.T.);
#2789=ADVANCED_FACE('',(#221),#90,.T.);
#2790=ADVANCED_FACE('',(#222),#2653,.F.);
#2791=ADVANCED_FACE('',(#223),#2654,.F.);
#2792=ADVANCED_FACE('',(#224),#2655,.F.);
#2793=ADVANCED_FACE('',(#225),#2656,.F.);
#2794=ADVANCED_FACE('',(#226),#91,.T.);
#2795=ADVANCED_FACE('',(#227),#92,.T.);
#2796=ADVANCED_FACE('',(#228),#2657,.F.);
#2797=ADVANCED_FACE('',(#229),#93,.T.);
#2798=ADVANCED_FACE('',(#230),#2658,.F.);
#2799=ADVANCED_FACE('',(#231),#2659,.F.);
#2800=ADVANCED_FACE('',(#232),#2660,.F.);
#2801=ADVANCED_FACE('',(#233),#2661,.F.);
#2802=CLOSED_SHELL('',(#2662,#2663,#2664,#2665,#2666,#2667,#2668,#2669,
#2670,#2671,#2672,#2673,#2674,#2675,#2676,#2677,#2678,#2679,#2680,#2681,
#2682,#2683,#2684,#2685,#2686,#2687,#2688,#2689,#2690,#2691,#2692,#2693,
#2694,#2695,#2696,#2697,#2698,#2699,#2700,#2701,#2702,#2703,#2704,#2705,
#2706,#2707,#2708,#2709,#2710,#2711,#2712,#2713,#2714,#2715,#2716,#2717,
#2718,#2719,#2720,#2721,#2722,#2723,#2724,#2725,#2726,#2727,#2728,#2729,
#2730,#2731,#2732,#2733,#2734,#2735,#2736,#2737,#2738,#2739,#2740,#2741,
#2742,#2743,#2744,#2745,#2746,#2747,#2748,#2749,#2750,#2751,#2752,#2753,
#2754,#2755,#2756,#2757,#2758,#2759,#2760,#2761,#2762,#2763,#2764,#2765,
#2766,#2767,#2768,#2769,#2770,#2771,#2772,#2773,#2774,#2775,#2776,#2777,
#2778,#2779,#2780,#2781,#2782,#2783,#2784,#2785,#2786,#2787,#2788,#2789,
#2790,#2791,#2792,#2793,#2794,#2795,#2796,#2797,#2798,#2799,#2800,#2801));
#2803=DERIVED_UNIT_ELEMENT(#2805,1.);
#2804=DERIVED_UNIT_ELEMENT(#4838,-3.);
#2805=(
MASS_UNIT()
NAMED_UNIT(*)
SI_UNIT(.KILO.,.GRAM.)
);
#2806=DERIVED_UNIT((#2803,#2804));
#2807=MEASURE_REPRESENTATION_ITEM('density measure',
POSITIVE_RATIO_MEASURE(7850.),#2806);
#2808=PROPERTY_DEFINITION_REPRESENTATION(#2813,#2810);
#2809=PROPERTY_DEFINITION_REPRESENTATION(#2814,#2811);
#2810=REPRESENTATION('material name',(#2812),#4835);
#2811=REPRESENTATION('density',(#2807),#4835);
#2812=DESCRIPTIVE_REPRESENTATION_ITEM('\X2\94A2\X0\','\X2\94A2\X0\');
#2813=PROPERTY_DEFINITION('material property','material name',#4845);
#2814=PROPERTY_DEFINITION('material property','density of part',#4845);
#2815=AXIS2_PLACEMENT_3D('',#3999,#3128,#3129);
#2816=AXIS2_PLACEMENT_3D('',#4000,#3130,#3131);
#2817=AXIS2_PLACEMENT_3D('',#4003,#3132,#3133);
#2818=AXIS2_PLACEMENT_3D('',#4007,#3135,#3136);
#2819=AXIS2_PLACEMENT_3D('',#4009,#3138,#3139);
#2820=AXIS2_PLACEMENT_3D('',#4012,#3140,#3141);
#2821=AXIS2_PLACEMENT_3D('',#4016,#3143,#3144);
#2822=AXIS2_PLACEMENT_3D('',#4018,#3146,#3147);
#2823=AXIS2_PLACEMENT_3D('',#4021,#3150,#3151);
#2824=AXIS2_PLACEMENT_3D('',#4030,#3156,#3157);
#2825=AXIS2_PLACEMENT_3D('',#4032,#3158,#3159);
#2826=AXIS2_PLACEMENT_3D('',#4034,#3160,#3161);
#2827=AXIS2_PLACEMENT_3D('',#4036,#3163,#3164);
#2828=AXIS2_PLACEMENT_3D('',#4038,#3165,#3166);
#2829=AXIS2_PLACEMENT_3D('',#4040,#3167,#3168);
#2830=AXIS2_PLACEMENT_3D('',#4042,#3170,#3171);
#2831=AXIS2_PLACEMENT_3D('',#4045,#3172,#3173);
#2832=AXIS2_PLACEMENT_3D('',#4049,#3175,#3176);
#2833=AXIS2_PLACEMENT_3D('',#4051,#3178,#3179);
#2834=AXIS2_PLACEMENT_3D('',#4052,#3180,#3181);
#2835=AXIS2_PLACEMENT_3D('',#4053,#3182,#3183);
#2836=AXIS2_PLACEMENT_3D('',#4054,#3184,#3185);
#2837=AXIS2_PLACEMENT_3D('',#4063,#3190,#3191);
#2838=AXIS2_PLACEMENT_3D('',#4065,#3192,#3193);
#2839=AXIS2_PLACEMENT_3D('',#4067,#3194,#3195);
#2840=AXIS2_PLACEMENT_3D('',#4069,#3197,#3198);
#2841=AXIS2_PLACEMENT_3D('',#4071,#3199,#3200);
#2842=AXIS2_PLACEMENT_3D('',#4074,#3202,#3203);
#2843=AXIS2_PLACEMENT_3D('',#4075,#3204,#3205);
#2844=AXIS2_PLACEMENT_3D('',#4084,#3210,#3211);
#2845=AXIS2_PLACEMENT_3D('',#4086,#3212,#3213);
#2846=AXIS2_PLACEMENT_3D('',#4088,#3214,#3215);
#2847=AXIS2_PLACEMENT_3D('',#4090,#3217,#3218);
#2848=AXIS2_PLACEMENT_3D('',#4092,#3219,#3220);
#2849=AXIS2_PLACEMENT_3D('',#4094,#3221,#3222);
#2850=AXIS2_PLACEMENT_3D('',#4096,#3224,#3225);
#2851=AXIS2_PLACEMENT_3D('',#4099,#3226,#3227);
#2852=AXIS2_PLACEMENT_3D('',#4103,#3229,#3230);
#2853=AXIS2_PLACEMENT_3D('',#4105,#3232,#3233);
#2854=AXIS2_PLACEMENT_3D('',#4106,#3234,#3235);
#2855=AXIS2_PLACEMENT_3D('',#4107,#3236,#3237);
#2856=AXIS2_PLACEMENT_3D('',#4108,#3238,#3239);
#2857=AXIS2_PLACEMENT_3D('',#4110,#3240,#3241);
#2858=AXIS2_PLACEMENT_3D('',#4114,#3243,#3244);
#2859=AXIS2_PLACEMENT_3D('',#4116,#3246,#3247);
#2860=AXIS2_PLACEMENT_3D('',#4118,#3248,#3249);
#2861=AXIS2_PLACEMENT_3D('',#4121,#3251,#3252);
#2862=AXIS2_PLACEMENT_3D('',#4123,#3253,#3254);
#2863=AXIS2_PLACEMENT_3D('',#4126,#3256,#3257);
#2864=AXIS2_PLACEMENT_3D('',#4127,#3258,#3259);
#2865=AXIS2_PLACEMENT_3D('',#4131,#3261,#3262);
#2866=AXIS2_PLACEMENT_3D('',#4134,#3264,#3265);
#2867=AXIS2_PLACEMENT_3D('',#4135,#3266,#3267);
#2868=AXIS2_PLACEMENT_3D('',#4137,#3268,#3269);
#2869=AXIS2_PLACEMENT_3D('',#4140,#3271,#3272);
#2870=AXIS2_PLACEMENT_3D('',#4142,#3273,#3274);
#2871=AXIS2_PLACEMENT_3D('',#4145,#3276,#3277);
#2872=AXIS2_PLACEMENT_3D('',#4146,#3278,#3279);
#2873=AXIS2_PLACEMENT_3D('',#4155,#3284,#3285);
#2874=AXIS2_PLACEMENT_3D('',#4164,#3290,#3291);
#2875=AXIS2_PLACEMENT_3D('',#4166,#3292,#3293);
#2876=AXIS2_PLACEMENT_3D('',#4168,#3294,#3295);
#2877=AXIS2_PLACEMENT_3D('',#4172,#3297,#3298);
#2878=AXIS2_PLACEMENT_3D('',#4173,#3299,#3300);
#2879=AXIS2_PLACEMENT_3D('',#4175,#3302,#3303);
#2880=AXIS2_PLACEMENT_3D('',#4184,#3308,#3309);
#2881=AXIS2_PLACEMENT_3D('',#4193,#3314,#3315);
#2882=AXIS2_PLACEMENT_3D('',#4195,#3316,#3317);
#2883=AXIS2_PLACEMENT_3D('',#4197,#3318,#3319);
#2884=AXIS2_PLACEMENT_3D('',#4201,#3321,#3322);
#2885=AXIS2_PLACEMENT_3D('',#4202,#3323,#3324);
#2886=AXIS2_PLACEMENT_3D('',#4204,#3326,#3327);
#2887=AXIS2_PLACEMENT_3D('',#4214,#3333,#3334);
#2888=AXIS2_PLACEMENT_3D('',#4216,#3335,#3336);
#2889=AXIS2_PLACEMENT_3D('',#4218,#3337,#3338);
#2890=AXIS2_PLACEMENT_3D('',#4222,#3340,#3341);
#2891=AXIS2_PLACEMENT_3D('',#4224,#3342,#3343);
#2892=AXIS2_PLACEMENT_3D('',#4228,#3345,#3346);
#2893=AXIS2_PLACEMENT_3D('',#4232,#3348,#3349);
#2894=AXIS2_PLACEMENT_3D('',#4236,#3351,#3352);
#2895=AXIS2_PLACEMENT_3D('',#4240,#3354,#3355);
#2896=AXIS2_PLACEMENT_3D('',#4244,#3357,#3358);
#2897=AXIS2_PLACEMENT_3D('',#4246,#3359,#3360);
#2898=AXIS2_PLACEMENT_3D('',#4250,#3362,#3363);
#2899=AXIS2_PLACEMENT_3D('',#4251,#3364,#3365);
#2900=AXIS2_PLACEMENT_3D('',#4253,#3366,#3367);
#2901=AXIS2_PLACEMENT_3D('',#4257,#3369,#3370);
#2902=AXIS2_PLACEMENT_3D('',#4261,#3372,#3373);
#2903=AXIS2_PLACEMENT_3D('',#4265,#3375,#3376);
#2904=AXIS2_PLACEMENT_3D('',#4269,#3378,#3379);
#2905=AXIS2_PLACEMENT_3D('',#4273,#3381,#3382);
#2906=AXIS2_PLACEMENT_3D('',#4277,#3384,#3385);
#2907=AXIS2_PLACEMENT_3D('',#4281,#3387,#3388);
#2908=AXIS2_PLACEMENT_3D('',#4285,#3390,#3391);
#2909=AXIS2_PLACEMENT_3D('',#4289,#3393,#3394);
#2910=AXIS2_PLACEMENT_3D('',#4291,#3395,#3396);
#2911=AXIS2_PLACEMENT_3D('',#4293,#3397,#3398);
#2912=AXIS2_PLACEMENT_3D('',#4296,#3400,#3401);
#2913=AXIS2_PLACEMENT_3D('',#4297,#3402,#3403);
#2914=AXIS2_PLACEMENT_3D('',#4301,#3405,#3406);
#2915=AXIS2_PLACEMENT_3D('',#4303,#3408,#3409);
#2916=AXIS2_PLACEMENT_3D('',#4310,#3414,#3415);
#2917=AXIS2_PLACEMENT_3D('',#4312,#3416,#3417);
#2918=AXIS2_PLACEMENT_3D('',#4315,#3419,#3420);
#2919=AXIS2_PLACEMENT_3D('',#4319,#3422,#3423);
#2920=AXIS2_PLACEMENT_3D('',#4323,#3425,#3426);
#2921=AXIS2_PLACEMENT_3D('',#4327,#3428,#3429);
#2922=AXIS2_PLACEMENT_3D('',#4331,#3431,#3432);
#2923=AXIS2_PLACEMENT_3D('',#4335,#3434,#3435);
#2924=AXIS2_PLACEMENT_3D('',#4337,#3436,#3437);
#2925=AXIS2_PLACEMENT_3D('',#4341,#3439,#3440);
#2926=AXIS2_PLACEMENT_3D('',#4342,#3441,#3442);
#2927=AXIS2_PLACEMENT_3D('',#4344,#3443,#3444);
#2928=AXIS2_PLACEMENT_3D('',#4348,#3446,#3447);
#2929=AXIS2_PLACEMENT_3D('',#4350,#3448,#3449);
#2930=AXIS2_PLACEMENT_3D('',#4352,#3450,#3451);
#2931=AXIS2_PLACEMENT_3D('',#4356,#3453,#3454);
#2932=AXIS2_PLACEMENT_3D('',#4360,#3456,#3457);
#2933=AXIS2_PLACEMENT_3D('',#4364,#3459,#3460);
#2934=AXIS2_PLACEMENT_3D('',#4368,#3462,#3463);
#2935=AXIS2_PLACEMENT_3D('',#4372,#3465,#3466);
#2936=AXIS2_PLACEMENT_3D('',#4376,#3468,#3469);
#2937=AXIS2_PLACEMENT_3D('',#4380,#3471,#3472);
#2938=AXIS2_PLACEMENT_3D('',#4384,#3474,#3475);
#2939=AXIS2_PLACEMENT_3D('',#4387,#3477,#3478);
#2940=AXIS2_PLACEMENT_3D('',#4388,#3479,#3480);
#2941=AXIS2_PLACEMENT_3D('',#4392,#3482,#3483);
#2942=AXIS2_PLACEMENT_3D('',#4394,#3485,#3486);
#2943=AXIS2_PLACEMENT_3D('',#4397,#3487,#3488);
#2944=AXIS2_PLACEMENT_3D('',#4401,#3490,#3491);
#2945=AXIS2_PLACEMENT_3D('',#4403,#3493,#3494);
#2946=AXIS2_PLACEMENT_3D('',#4409,#3498,#3499);
#2947=AXIS2_PLACEMENT_3D('',#4412,#3500,#3501);
#2948=AXIS2_PLACEMENT_3D('',#4415,#3504,#3505);
#2949=AXIS2_PLACEMENT_3D('',#4417,#3506,#3507);
#2950=AXIS2_PLACEMENT_3D('',#4422,#3510,#3511);
#2951=AXIS2_PLACEMENT_3D('',#4424,#3513,#3514);
#2952=AXIS2_PLACEMENT_3D('',#4427,#3516,#3517);
#2953=AXIS2_PLACEMENT_3D('',#4431,#3519,#3520);
#2954=AXIS2_PLACEMENT_3D('',#4433,#3521,#3522);
#2955=AXIS2_PLACEMENT_3D('',#4437,#3524,#3525);
#2956=AXIS2_PLACEMENT_3D('',#4440,#3527,#3528);
#2957=AXIS2_PLACEMENT_3D('',#4442,#3529,#3530);
#2958=AXIS2_PLACEMENT_3D('',#4444,#3531,#3532);
#2959=AXIS2_PLACEMENT_3D('',#4448,#3534,#3535);
#2960=AXIS2_PLACEMENT_3D('',#4452,#3537,#3538);
#2961=AXIS2_PLACEMENT_3D('',#4455,#3540,#3541);
#2962=AXIS2_PLACEMENT_3D('',#4459,#3543,#3544);
#2963=AXIS2_PLACEMENT_3D('',#4461,#3545,#3546);
#2964=AXIS2_PLACEMENT_3D('',#4464,#3548,#3549);
#2965=AXIS2_PLACEMENT_3D('',#4466,#3550,#3551);
#2966=AXIS2_PLACEMENT_3D('',#4467,#3552,#3553);
#2967=AXIS2_PLACEMENT_3D('',#4469,#3554,#3555);
#2968=AXIS2_PLACEMENT_3D('',#4470,#3556,#3557);
#2969=AXIS2_PLACEMENT_3D('',#4472,#3558,#3559);
#2970=AXIS2_PLACEMENT_3D('',#4476,#3561,#3562);
#2971=AXIS2_PLACEMENT_3D('',#4480,#3564,#3565);
#2972=AXIS2_PLACEMENT_3D('',#4484,#3567,#3568);
#2973=AXIS2_PLACEMENT_3D('',#4488,#3570,#3571);
#2974=AXIS2_PLACEMENT_3D('',#4491,#3573,#3574);
#2975=AXIS2_PLACEMENT_3D('',#4493,#3575,#3576);
#2976=AXIS2_PLACEMENT_3D('',#4497,#3578,#3579);
#2977=AXIS2_PLACEMENT_3D('',#4501,#3581,#3582);
#2978=AXIS2_PLACEMENT_3D('',#4505,#3584,#3585);
#2979=AXIS2_PLACEMENT_3D('',#4509,#3587,#3588);
#2980=AXIS2_PLACEMENT_3D('',#4513,#3590,#3591);
#2981=AXIS2_PLACEMENT_3D('',#4514,#3592,#3593);
#2982=AXIS2_PLACEMENT_3D('',#4515,#3594,#3595);
#2983=AXIS2_PLACEMENT_3D('',#4517,#3596,#3597);
#2984=AXIS2_PLACEMENT_3D('',#4519,#3598,#3599);
#2985=AXIS2_PLACEMENT_3D('',#4521,#3600,#3601);
#2986=AXIS2_PLACEMENT_3D('',#4523,#3602,#3603);
#2987=AXIS2_PLACEMENT_3D('',#4525,#3604,#3605);
#2988=AXIS2_PLACEMENT_3D('',#4528,#3606,#3607);
#2989=AXIS2_PLACEMENT_3D('',#4532,#3609,#3610);
#2990=AXIS2_PLACEMENT_3D('',#4536,#3612,#3613);
#2991=AXIS2_PLACEMENT_3D('',#4540,#3615,#3616);
#2992=AXIS2_PLACEMENT_3D('',#4544,#3618,#3619);
#2993=AXIS2_PLACEMENT_3D('',#4548,#3621,#3622);
#2994=AXIS2_PLACEMENT_3D('',#4552,#3624,#3625);
#2995=AXIS2_PLACEMENT_3D('',#4556,#3627,#3628);
#2996=AXIS2_PLACEMENT_3D('',#4560,#3630,#3631);
#2997=AXIS2_PLACEMENT_3D('',#4564,#3633,#3634);
#2998=AXIS2_PLACEMENT_3D('',#4568,#3636,#3637);
#2999=AXIS2_PLACEMENT_3D('',#4572,#3639,#3640);
#3000=AXIS2_PLACEMENT_3D('',#4574,#3642,#3643);
#3001=AXIS2_PLACEMENT_3D('',#4577,#3644,#3645);
#3002=AXIS2_PLACEMENT_3D('',#4581,#3647,#3648);
#3003=AXIS2_PLACEMENT_3D('',#4583,#3650,#3651);
#3004=AXIS2_PLACEMENT_3D('',#4585,#3652,#3653);
#3005=AXIS2_PLACEMENT_3D('',#4587,#3654,#3655);
#3006=AXIS2_PLACEMENT_3D('',#4591,#3657,#3658);
#3007=AXIS2_PLACEMENT_3D('',#4594,#3661,#3662);
#3008=AXIS2_PLACEMENT_3D('',#4598,#3664,#3665);
#3009=AXIS2_PLACEMENT_3D('',#4601,#3667,#3668);
#3010=AXIS2_PLACEMENT_3D('',#4603,#3669,#3670);
#3011=AXIS2_PLACEMENT_3D('',#4607,#3672,#3673);
#3012=AXIS2_PLACEMENT_3D('',#4610,#3675,#3676);
#3013=AXIS2_PLACEMENT_3D('',#4612,#3677,#3678);
#3014=AXIS2_PLACEMENT_3D('',#4614,#3679,#3680);
#3015=AXIS2_PLACEMENT_3D('',#4616,#3681,#3682);
#3016=AXIS2_PLACEMENT_3D('',#4618,#3683,#3684);
#3017=AXIS2_PLACEMENT_3D('',#4620,#3685,#3686);
#3018=AXIS2_PLACEMENT_3D('',#4621,#3687,#3688);
#3019=AXIS2_PLACEMENT_3D('',#4624,#3689,#3690);
#3020=AXIS2_PLACEMENT_3D('',#4627,#3693,#3694);
#3021=AXIS2_PLACEMENT_3D('',#4633,#3699,#3700);
#3022=AXIS2_PLACEMENT_3D('',#4634,#3701,#3702);
#3023=AXIS2_PLACEMENT_3D('',#4635,#3703,#3704);
#3024=AXIS2_PLACEMENT_3D('',#4637,#3706,#3707);
#3025=AXIS2_PLACEMENT_3D('',#4639,#3709,#3710);
#3026=AXIS2_PLACEMENT_3D('',#4641,#3712,#3713);
#3027=AXIS2_PLACEMENT_3D('',#4645,#3717,#3718);
#3028=AXIS2_PLACEMENT_3D('',#4646,#3719,#3720);
#3029=AXIS2_PLACEMENT_3D('',#4647,#3721,#3722);
#3030=AXIS2_PLACEMENT_3D('',#4649,#3723,#3724);
#3031=AXIS2_PLACEMENT_3D('',#4651,#3726,#3727);
#3032=AXIS2_PLACEMENT_3D('',#4653,#3729,#3730);
#3033=AXIS2_PLACEMENT_3D('',#4655,#3732,#3733);
#3034=AXIS2_PLACEMENT_3D('',#4657,#3735,#3736);
#3035=AXIS2_PLACEMENT_3D('',#4659,#3738,#3739);
#3036=AXIS2_PLACEMENT_3D('',#4661,#3741,#3742);
#3037=AXIS2_PLACEMENT_3D('',#4662,#3743,#3744);
#3038=AXIS2_PLACEMENT_3D('',#4664,#3746,#3747);
#3039=AXIS2_PLACEMENT_3D('',#4665,#3748,#3749);
#3040=AXIS2_PLACEMENT_3D('',#4667,#3751,#3752);
#3041=AXIS2_PLACEMENT_3D('',#4669,#3754,#3755);
#3042=AXIS2_PLACEMENT_3D('',#4671,#3757,#3758);
#3043=AXIS2_PLACEMENT_3D('',#4673,#3760,#3761);
#3044=AXIS2_PLACEMENT_3D('',#4675,#3763,#3764);
#3045=AXIS2_PLACEMENT_3D('',#4677,#3766,#3767);
#3046=AXIS2_PLACEMENT_3D('',#4679,#3769,#3770);
#3047=AXIS2_PLACEMENT_3D('',#4680,#3771,#3772);
#3048=AXIS2_PLACEMENT_3D('',#4681,#3773,#3774);
#3049=AXIS2_PLACEMENT_3D('',#4683,#3776,#3777);
#3050=AXIS2_PLACEMENT_3D('',#4684,#3778,#3779);
#3051=AXIS2_PLACEMENT_3D('',#4687,#3782,#3783);
#3052=AXIS2_PLACEMENT_3D('',#4688,#3784,#3785);
#3053=AXIS2_PLACEMENT_3D('',#4691,#3788,#3789);
#3054=AXIS2_PLACEMENT_3D('',#4693,#3791,#3792);
#3055=AXIS2_PLACEMENT_3D('',#4695,#3794,#3795);
#3056=AXIS2_PLACEMENT_3D('',#4697,#3797,#3798);
#3057=AXIS2_PLACEMENT_3D('',#4699,#3800,#3801);
#3058=AXIS2_PLACEMENT_3D('',#4701,#3803,#3804);
#3059=AXIS2_PLACEMENT_3D('',#4703,#3806,#3807);
#3060=AXIS2_PLACEMENT_3D('',#4705,#3809,#3810);
#3061=AXIS2_PLACEMENT_3D('',#4707,#3812,#3813);
#3062=AXIS2_PLACEMENT_3D('',#4709,#3815,#3816);
#3063=AXIS2_PLACEMENT_3D('',#4712,#3819,#3820);
#3064=AXIS2_PLACEMENT_3D('',#4714,#3822,#3823);
#3065=AXIS2_PLACEMENT_3D('',#4716,#3825,#3826);
#3066=AXIS2_PLACEMENT_3D('',#4718,#3828,#3829);
#3067=AXIS2_PLACEMENT_3D('',#4719,#3830,#3831);
#3068=AXIS2_PLACEMENT_3D('',#4722,#3834,#3835);
#3069=AXIS2_PLACEMENT_3D('',#4724,#3837,#3838);
#3070=AXIS2_PLACEMENT_3D('',#4726,#3840,#3841);
#3071=AXIS2_PLACEMENT_3D('',#4728,#3843,#3844);
#3072=AXIS2_PLACEMENT_3D('',#4730,#3846,#3847);
#3073=AXIS2_PLACEMENT_3D('',#4732,#3849,#3850);
#3074=AXIS2_PLACEMENT_3D('',#4734,#3852,#3853);
#3075=AXIS2_PLACEMENT_3D('',#4735,#3854,#3855);
#3076=AXIS2_PLACEMENT_3D('',#4737,#3857,#3858);
#3077=AXIS2_PLACEMENT_3D('',#4740,#3861,#3862);
#3078=AXIS2_PLACEMENT_3D('',#4742,#3864,#3865);
#3079=AXIS2_PLACEMENT_3D('',#4744,#3867,#3868);
#3080=AXIS2_PLACEMENT_3D('',#4746,#3870,#3871);
#3081=AXIS2_PLACEMENT_3D('',#4748,#3873,#3874);
#3082=AXIS2_PLACEMENT_3D('',#4750,#3876,#3877);
#3083=AXIS2_PLACEMENT_3D('',#4752,#3879,#3880);
#3084=AXIS2_PLACEMENT_3D('',#4753,#3881,#3882);
#3085=AXIS2_PLACEMENT_3D('',#4756,#3885,#3886);
#3086=AXIS2_PLACEMENT_3D('',#4758,#3888,#3889);
#3087=AXIS2_PLACEMENT_3D('',#4760,#3891,#3892);
#3088=AXIS2_PLACEMENT_3D('',#4763,#3894,#3895);
#3089=AXIS2_PLACEMENT_3D('',#4764,#3896,#3897);
#3090=AXIS2_PLACEMENT_3D('',#4766,#3898,#3899);
#3091=AXIS2_PLACEMENT_3D('',#4767,#3900,#3901);
#3092=AXIS2_PLACEMENT_3D('',#4770,#3903,#3904);
#3093=AXIS2_PLACEMENT_3D('',#4771,#3905,#3906);
#3094=AXIS2_PLACEMENT_3D('',#4773,#3907,#3908);
#3095=AXIS2_PLACEMENT_3D('',#4774,#3909,#3910);
#3096=AXIS2_PLACEMENT_3D('',#4777,#3912,#3913);
#3097=AXIS2_PLACEMENT_3D('',#4778,#3914,#3915);
#3098=AXIS2_PLACEMENT_3D('',#4780,#3916,#3917);
#3099=AXIS2_PLACEMENT_3D('',#4781,#3918,#3919);
#3100=AXIS2_PLACEMENT_3D('',#4783,#3921,#3922);
#3101=AXIS2_PLACEMENT_3D('',#4785,#3924,#3925);
#3102=AXIS2_PLACEMENT_3D('',#4788,#3928,#3929);
#3103=AXIS2_PLACEMENT_3D('',#4789,#3930,#3931);
#3104=AXIS2_PLACEMENT_3D('',#4792,#3934,#3935);
#3105=AXIS2_PLACEMENT_3D('',#4794,#3937,#3938);
#3106=AXIS2_PLACEMENT_3D('',#4796,#3940,#3941);
#3107=AXIS2_PLACEMENT_3D('',#4798,#3943,#3944);
#3108=AXIS2_PLACEMENT_3D('',#4800,#3946,#3947);
#3109=AXIS2_PLACEMENT_3D('',#4802,#3949,#3950);
#3110=AXIS2_PLACEMENT_3D('',#4804,#3952,#3953);
#3111=AXIS2_PLACEMENT_3D('',#4805,#3954,#3955);
#3112=AXIS2_PLACEMENT_3D('',#4807,#3957,#3958);
#3113=AXIS2_PLACEMENT_3D('',#4809,#3960,#3961);
#3114=AXIS2_PLACEMENT_3D('',#4811,#3963,#3964);
#3115=AXIS2_PLACEMENT_3D('',#4813,#3966,#3967);
#3116=AXIS2_PLACEMENT_3D('',#4815,#3969,#3970);
#3117=AXIS2_PLACEMENT_3D('',#4816,#3971,#3972);
#3118=AXIS2_PLACEMENT_3D('',#4818,#3974,#3975);
#3119=AXIS2_PLACEMENT_3D('',#4820,#3977,#3978);
#3120=AXIS2_PLACEMENT_3D('',#4821,#3979,#3980);
#3121=AXIS2_PLACEMENT_3D('',#4822,#3981,#3982);
#3122=AXIS2_PLACEMENT_3D('',#4824,#3984,#3985);
#3123=AXIS2_PLACEMENT_3D('',#4825,#3986,#3987);
#3124=AXIS2_PLACEMENT_3D('',#4826,#3988,#3989);
#3125=AXIS2_PLACEMENT_3D('',#4827,#3990,#3991);
#3126=AXIS2_PLACEMENT_3D('',#4829,#3993,#3994);
#3127=AXIS2_PLACEMENT_3D('',#4831,#3996,#3997);
#3128=DIRECTION('axis',(0.,0.,1.));
#3129=DIRECTION('refdir',(1.,0.,0.));
#3130=DIRECTION('center_axis',(0.,-1.,0.));
#3131=DIRECTION('ref_axis',(-1.,0.,0.));
#3132=DIRECTION('center_axis',(0.,1.,0.));
#3133=DIRECTION('ref_axis',(-1.,0.,0.));
#3134=DIRECTION('',(0.,-1.,0.));
#3135=DIRECTION('center_axis',(0.,-1.,0.));
#3136=DIRECTION('ref_axis',(-1.,0.,0.));
#3137=DIRECTION('',(0.,-1.,0.));
#3138=DIRECTION('center_axis',(0.,-1.,0.));
#3139=DIRECTION('ref_axis',(-1.,0.,0.));
#3140=DIRECTION('center_axis',(0.,1.,0.));
#3141=DIRECTION('ref_axis',(-1.,0.,0.));
#3142=DIRECTION('',(0.,-1.,0.));
#3143=DIRECTION('center_axis',(0.,-1.,0.));
#3144=DIRECTION('ref_axis',(-1.,0.,0.));
#3145=DIRECTION('',(0.,-1.,0.));
#3146=DIRECTION('center_axis',(-4.11653287369119E-13,0.,-1.));
#3147=DIRECTION('ref_axis',(1.,0.,-4.11653287369119E-13));
#3148=DIRECTION('',(-1.,0.,4.11653287369119E-13));
#3149=DIRECTION('',(1.,0.,-4.11653287369119E-13));
#3150=DIRECTION('center_axis',(-4.0795253379708E-13,0.,1.));
#3151=DIRECTION('ref_axis',(-1.,0.,-4.0795253379708E-13));
#3152=DIRECTION('',(1.,0.,4.0795253379708E-13));
#3153=DIRECTION('',(0.,-1.,0.));
#3154=DIRECTION('',(-1.,0.,-4.0795253379708E-13));
#3155=DIRECTION('',(0.,-1.,0.));
#3156=DIRECTION('center_axis',(0.,-1.,0.));
#3157=DIRECTION('ref_axis',(-1.,0.,0.));
#3158=DIRECTION('center_axis',(0.,1.,0.));
#3159=DIRECTION('ref_axis',(-1.,0.,0.));
#3160=DIRECTION('center_axis',(0.,-1.,0.));
#3161=DIRECTION('ref_axis',(-1.,0.,0.));
#3162=DIRECTION('',(0.,-1.,0.));
#3163=DIRECTION('center_axis',(0.,-1.,0.));
#3164=DIRECTION('ref_axis',(-0.606060646046408,0.,-0.795418439133649));
#3165=DIRECTION('center_axis',(0.,-1.,0.));
#3166=DIRECTION('ref_axis',(-0.606060646046408,0.,-0.795418439133649));
#3167=DIRECTION('center_axis',(0.,1.,0.));
#3168=DIRECTION('ref_axis',(-0.896119580764925,0.,-0.443812682299296));
#3169=DIRECTION('',(0.,-1.,0.));
#3170=DIRECTION('center_axis',(0.,-1.,0.));
#3171=DIRECTION('ref_axis',(1.,0.,2.22044618958167E-15));
#3172=DIRECTION('center_axis',(0.,-1.,0.));
#3173=DIRECTION('ref_axis',(1.,0.,2.22044618958167E-15));
#3174=DIRECTION('',(0.,-1.,0.));
#3175=DIRECTION('center_axis',(0.,1.,0.));
#3176=DIRECTION('ref_axis',(0.896119580765089,0.,-0.443812682298964));
#3177=DIRECTION('',(0.,-1.,0.));
#3178=DIRECTION('center_axis',(0.,-1.,0.));
#3179=DIRECTION('ref_axis',(-1.,0.,0.));
#3180=DIRECTION('center_axis',(0.,1.,0.));
#3181=DIRECTION('ref_axis',(-1.,0.,0.));
#3182=DIRECTION('center_axis',(0.,-1.,0.));
#3183=DIRECTION('ref_axis',(-1.,0.,0.));
#3184=DIRECTION('center_axis',(4.0795253379708E-13,0.,1.));
#3185=DIRECTION('ref_axis',(-1.,0.,4.0795253379708E-13));
#3186=DIRECTION('',(1.,0.,-4.0795253379708E-13));
#3187=DIRECTION('',(0.,-1.,0.));
#3188=DIRECTION('',(-1.,0.,4.0795253379708E-13));
#3189=DIRECTION('',(0.,-1.,0.));
#3190=DIRECTION('center_axis',(0.,-1.,0.));
#3191=DIRECTION('ref_axis',(-1.,0.,0.));
#3192=DIRECTION('center_axis',(0.,1.,0.));
#3193=DIRECTION('ref_axis',(-1.,0.,0.));
#3194=DIRECTION('center_axis',(0.,-1.,0.));
#3195=DIRECTION('ref_axis',(-1.,0.,0.));
#3196=DIRECTION('',(0.,-1.,0.));
#3197=DIRECTION('center_axis',(0.,-1.,0.));
#3198=DIRECTION('ref_axis',(-1.,0.,0.));
#3199=DIRECTION('center_axis',(0.,1.,0.));
#3200=DIRECTION('ref_axis',(-1.,0.,0.));
#3201=DIRECTION('',(0.,-1.,0.));
#3202=DIRECTION('center_axis',(0.,-1.,0.));
#3203=DIRECTION('ref_axis',(-1.,0.,0.));
#3204=DIRECTION('center_axis',(4.11653287369119E-13,0.,-1.));
#3205=DIRECTION('ref_axis',(1.,0.,4.11653287369119E-13));
#3206=DIRECTION('',(-1.,0.,-4.11653287369119E-13));
#3207=DIRECTION('',(0.,-1.,0.));
#3208=DIRECTION('',(1.,0.,4.11653287369119E-13));
#3209=DIRECTION('',(0.,-1.,0.));
#3210=DIRECTION('center_axis',(0.,-1.,0.));
#3211=DIRECTION('ref_axis',(-1.,0.,0.));
#3212=DIRECTION('center_axis',(0.,1.,0.));
#3213=DIRECTION('ref_axis',(-1.,0.,0.));
#3214=DIRECTION('center_axis',(0.,-1.,0.));
#3215=DIRECTION('ref_axis',(-1.,0.,0.));
#3216=DIRECTION('',(0.,-1.,0.));
#3217=DIRECTION('center_axis',(0.,-1.,0.));
#3218=DIRECTION('ref_axis',(0.606060566074199,0.,0.795418500067619));
#3219=DIRECTION('center_axis',(0.,-1.,0.));
#3220=DIRECTION('ref_axis',(0.606060566074199,0.,0.795418500067619));
#3221=DIRECTION('center_axis',(0.,1.,0.));
#3222=DIRECTION('ref_axis',(0.896119580764755,0.,0.443812682299638));
#3223=DIRECTION('',(0.,-1.,0.));
#3224=DIRECTION('center_axis',(0.,-1.,0.));
#3225=DIRECTION('ref_axis',(-1.,0.,1.11022295445949E-15));
#3226=DIRECTION('center_axis',(0.,-1.,0.));
#3227=DIRECTION('ref_axis',(-1.,0.,1.11022295445949E-15));
#3228=DIRECTION('',(0.,-1.,0.));
#3229=DIRECTION('center_axis',(0.,1.,0.));
#3230=DIRECTION('ref_axis',(-0.896119580764925,0.,0.443812682299296));
#3231=DIRECTION('',(0.,-1.,0.));
#3232=DIRECTION('center_axis',(0.,-1.,0.));
#3233=DIRECTION('ref_axis',(-1.,0.,0.));
#3234=DIRECTION('center_axis',(0.,1.,0.));
#3235=DIRECTION('ref_axis',(-1.,0.,0.));
#3236=DIRECTION('center_axis',(0.,-1.,0.));
#3237=DIRECTION('ref_axis',(-1.,0.,0.));
#3238=DIRECTION('center_axis',(0.,-1.,0.));
#3239=DIRECTION('ref_axis',(-0.947475005502943,0.,-0.319829820290726));
#3240=DIRECTION('center_axis',(0.,1.,0.));
#3241=DIRECTION('ref_axis',(1.,0.,0.));
#3242=DIRECTION('',(0.,-1.,0.));
#3243=DIRECTION('center_axis',(0.,1.,0.));
#3244=DIRECTION('ref_axis',(1.,0.,0.));
#3245=DIRECTION('',(0.,1.,0.));
#3246=DIRECTION('center_axis',(0.,1.,0.));
#3247=DIRECTION('ref_axis',(-1.,0.,0.));
#3248=DIRECTION('center_axis',(0.,1.,0.));
#3249=DIRECTION('ref_axis',(-0.896119580764755,0.,0.443812682299638));
#3250=DIRECTION('',(1.75876914792105E-15,0.,1.));
#3251=DIRECTION('center_axis',(0.,1.,0.));
#3252=DIRECTION('ref_axis',(-0.896119580765089,0.,-0.443812682298964));
#3253=DIRECTION('center_axis',(0.,1.,0.));
#3254=DIRECTION('ref_axis',(0.896119580764924,0.,-0.443812682299297));
#3255=DIRECTION('',(0.,0.,-1.));
#3256=DIRECTION('center_axis',(0.,1.,0.));
#3257=DIRECTION('ref_axis',(0.896119580764925,0.,0.443812682299296));
#3258=DIRECTION('center_axis',(0.,-1.,0.));
#3259=DIRECTION('ref_axis',(-0.947475194415305,0.,0.319829260649616));
#3260=DIRECTION('',(0.,-1.,0.));
#3261=DIRECTION('center_axis',(0.,1.,0.));
#3262=DIRECTION('ref_axis',(1.,0.,0.));
#3263=DIRECTION('',(0.,-1.,0.));
#3264=DIRECTION('center_axis',(0.,1.,0.));
#3265=DIRECTION('ref_axis',(1.,0.,0.));
#3266=DIRECTION('center_axis',(0.,-1.,0.));
#3267=DIRECTION('ref_axis',(1.,0.,0.));
#3268=DIRECTION('center_axis',(0.,1.,0.));
#3269=DIRECTION('ref_axis',(0.896119580765089,0.,-0.443812682298964));
#3270=DIRECTION('',(1.75876914792105E-15,0.,-1.));
#3271=DIRECTION('center_axis',(0.,1.,0.));
#3272=DIRECTION('ref_axis',(0.896119580764755,0.,0.443812682299638));
#3273=DIRECTION('center_axis',(0.,1.,0.));
#3274=DIRECTION('ref_axis',(-0.896119580764925,0.,0.443812682299296));
#3275=DIRECTION('',(0.,0.,1.));
#3276=DIRECTION('center_axis',(0.,1.,0.));
#3277=DIRECTION('ref_axis',(-0.896119580764925,0.,-0.443812682299296));
#3278=DIRECTION('center_axis',(1.,0.,0.));
#3279=DIRECTION('ref_axis',(0.,0.,1.));
#3280=DIRECTION('',(0.,-1.,0.));
#3281=DIRECTION('',(0.,0.,1.));
#3282=DIRECTION('',(0.,1.,0.));
#3283=DIRECTION('',(0.,0.,1.));
#3284=DIRECTION('center_axis',(-1.,0.,-1.86177464866921E-15));
#3285=DIRECTION('ref_axis',(1.86177464866921E-15,0.,-1.));
#3286=DIRECTION('',(0.,1.,0.));
#3287=DIRECTION('',(1.86177464866921E-15,0.,-1.));
#3288=DIRECTION('',(0.,-1.,0.));
#3289=DIRECTION('',(1.86177464866921E-15,0.,-1.));
#3290=DIRECTION('center_axis',(0.,1.,0.));
#3291=DIRECTION('ref_axis',(0.,0.,1.));
#3292=DIRECTION('center_axis',(0.,-1.,0.));
#3293=DIRECTION('ref_axis',(-0.885986629532307,0.,-0.463710785177552));
#3294=DIRECTION('center_axis',(0.,1.,0.));
#3295=DIRECTION('ref_axis',(-1.11022302462513E-14,0.,-1.));
#3296=DIRECTION('',(-1.,0.,5.70547950521907E-15));
#3297=DIRECTION('center_axis',(0.,1.,0.));
#3298=DIRECTION('ref_axis',(0.361419254681696,0.,-0.932403411804852));
#3299=DIRECTION('center_axis',(0.,-1.,0.));
#3300=DIRECTION('ref_axis',(-0.361419254681697,0.,0.932403411804851));
#3301=DIRECTION('',(1.,0.,-2.50344407513516E-15));
#3302=DIRECTION('center_axis',(1.,0.,-1.86177464866921E-15));
#3303=DIRECTION('ref_axis',(1.86177464866921E-15,0.,1.));
#3304=DIRECTION('',(0.,-1.,0.));
#3305=DIRECTION('',(1.86177464866921E-15,0.,1.));
#3306=DIRECTION('',(0.,1.,0.));
#3307=DIRECTION('',(1.86177464866921E-15,0.,1.));
#3308=DIRECTION('center_axis',(-1.,0.,0.));
#3309=DIRECTION('ref_axis',(0.,0.,-1.));
#3310=DIRECTION('',(0.,1.,0.));
#3311=DIRECTION('',(0.,0.,-1.));
#3312=DIRECTION('',(0.,-1.,0.));
#3313=DIRECTION('',(0.,0.,-1.));
#3314=DIRECTION('center_axis',(0.,1.,0.));
#3315=DIRECTION('ref_axis',(0.,0.,1.));
#3316=DIRECTION('center_axis',(0.,-1.,0.));
#3317=DIRECTION('ref_axis',(-0.885986629531642,0.,-0.463710785178824));
#3318=DIRECTION('center_axis',(0.,1.,0.));
#3319=DIRECTION('ref_axis',(7.40148683083442E-15,0.,-1.));
#3320=DIRECTION('',(-1.,0.,-5.70547950521907E-15));
#3321=DIRECTION('center_axis',(0.,1.,0.));
#3322=DIRECTION('ref_axis',(0.361419254682683,0.,-0.932403411804469));
#3323=DIRECTION('center_axis',(0.,-1.,0.));
#3324=DIRECTION('ref_axis',(-0.361419254682685,0.,0.932403411804468));
#3325=DIRECTION('',(1.,0.,2.50344407513516E-15));
#3326=DIRECTION('center_axis',(-2.50344407513516E-15,0.,-1.));
#3327=DIRECTION('ref_axis',(1.,0.,-2.50344407513516E-15));
#3328=DIRECTION('',(1.,0.,-2.50344407513516E-15));
#3329=DIRECTION('',(0.,-1.,0.));
#3330=DIRECTION('',(1.,0.,-2.50344407513516E-15));
#3331=DIRECTION('',(0.,-1.,0.));
#3332=DIRECTION('',(1.,0.,-2.50344407513516E-15));
#3333=DIRECTION('center_axis',(0.,1.,0.));
#3334=DIRECTION('ref_axis',(0.,0.,1.));
#3335=DIRECTION('center_axis',(0.,1.,0.));
#3336=DIRECTION('ref_axis',(1.,0.,0.));
#3337=DIRECTION('center_axis',(0.,-1.,0.));
#3338=DIRECTION('ref_axis',(0.896119580764925,0.,0.443812682299296));
#3339=DIRECTION('',(0.,0.,1.));
#3340=DIRECTION('center_axis',(0.,-1.,0.));
#3341=DIRECTION('ref_axis',(0.896119580764924,0.,-0.443812682299297));
#3342=DIRECTION('center_axis',(0.,1.,0.));
#3343=DIRECTION('ref_axis',(1.,0.,0.));
#3344=DIRECTION('',(-1.,0.,1.20344473750911E-15));
#3345=DIRECTION('center_axis',(0.,1.,0.));
#3346=DIRECTION('ref_axis',(0.174472056687981,0.,-0.984662125520763));
#3347=DIRECTION('',(-0.984662125520765,0.,-0.174472056687966));
#3348=DIRECTION('center_axis',(0.,-1.,0.));
#3349=DIRECTION('ref_axis',(-0.174472056687982,0.,0.984662125520762));
#3350=DIRECTION('',(-1.,0.,0.));
#3351=DIRECTION('center_axis',(0.,-1.,0.));
#3352=DIRECTION('ref_axis',(0.,0.,1.));
#3353=DIRECTION('',(-0.984807753012208,0.,0.173648177666933));
#3354=DIRECTION('center_axis',(0.,1.,0.));
#3355=DIRECTION('ref_axis',(-1.11022302462531E-15,0.,-1.));
#3356=DIRECTION('',(-1.,0.,-4.81936251639966E-15));
#3357=DIRECTION('center_axis',(0.,1.,0.));
#3358=DIRECTION('ref_axis',(1.,0.,0.));
#3359=DIRECTION('center_axis',(0.,-1.,0.));
#3360=DIRECTION('ref_axis',(-0.896119580765089,0.,-0.443812682298964));
#3361=DIRECTION('',(-1.75876914792105E-15,0.,-1.));
#3362=DIRECTION('center_axis',(0.,-1.,0.));
#3363=DIRECTION('ref_axis',(-0.896119580764755,0.,0.443812682299638));
#3364=DIRECTION('center_axis',(0.,1.,0.));
#3365=DIRECTION('ref_axis',(1.,0.,0.));
#3366=DIRECTION('center_axis',(0.,1.,0.));
#3367=DIRECTION('ref_axis',(-0.361419254681697,0.,0.932403411804851));
#3368=DIRECTION('',(1.,0.,8.65701785652845E-14));
#3369=DIRECTION('center_axis',(0.,-1.,0.));
#3370=DIRECTION('ref_axis',(1.,0.,8.85402862138564E-14));
#3371=DIRECTION('',(8.66158137535888E-14,0.,-1.));
#3372=DIRECTION('center_axis',(0.,1.,0.));
#3373=DIRECTION('ref_axis',(1.,0.,8.88178419700127E-14));
#3374=DIRECTION('',(-1.,0.,-8.67320410025393E-14));
#3375=DIRECTION('center_axis',(0.,1.,0.));
#3376=DIRECTION('ref_axis',(1.11022302462555E-14,0.,1.));
#3377=DIRECTION('',(1.,0.,6.02420314549956E-15));
#3378=DIRECTION('center_axis',(0.,-1.,0.));
#3379=DIRECTION('ref_axis',(-9.25185853854401E-16,0.,-1.));
#3380=DIRECTION('',(0.984807753012207,0.,-0.173648177666937));
#3381=DIRECTION('center_axis',(0.,1.,0.));
#3382=DIRECTION('ref_axis',(0.,0.,1.));
#3383=DIRECTION('',(1.,0.,0.));
#3384=DIRECTION('center_axis',(0.,1.,0.));
#3385=DIRECTION('ref_axis',(-0.174472056687985,0.,0.984662125520762));
#3386=DIRECTION('',(0.984662125520765,0.,0.174472056687967));
#3387=DIRECTION('center_axis',(0.,-1.,0.));
#3388=DIRECTION('ref_axis',(0.174472056687982,0.,-0.984662125520762));
#3389=DIRECTION('',(1.,0.,-1.20344473750911E-15));
#3390=DIRECTION('center_axis',(0.,1.,0.));
#3391=DIRECTION('ref_axis',(0.,0.,-1.));
#3392=DIRECTION('',(-1.,0.,-8.67320410025393E-14));
#3393=DIRECTION('center_axis',(0.,-1.,0.));
#3394=DIRECTION('ref_axis',(-0.880524583658305,0.,0.474000482672084));
#3395=DIRECTION('center_axis',(0.,-1.,0.));
#3396=DIRECTION('ref_axis',(1.,0.,0.));
#3397=DIRECTION('center_axis',(0.,-1.,0.));
#3398=DIRECTION('ref_axis',(-0.772894646372913,0.,0.634534369130695));
#3399=DIRECTION('',(1.,0.,8.65701785652845E-14));
#3400=DIRECTION('center_axis',(0.,1.,0.));
#3401=DIRECTION('ref_axis',(-0.885986629532307,0.,-0.463710785177552));
#3402=DIRECTION('center_axis',(0.,-1.,0.));
#3403=DIRECTION('ref_axis',(-0.361419254681697,0.,0.932403411804851));
#3404=DIRECTION('',(0.,-1.,0.));
#3405=DIRECTION('center_axis',(0.,-1.,0.));
#3406=DIRECTION('ref_axis',(-0.361419254681697,0.,0.932403411804851));
#3407=DIRECTION('',(0.,-1.,0.));
#3408=DIRECTION('center_axis',(2.50344407513516E-15,0.,-1.));
#3409=DIRECTION('ref_axis',(1.,0.,2.50344407513516E-15));
#3410=DIRECTION('',(1.,0.,2.50344407513516E-15));
#3411=DIRECTION('',(0.,-1.,0.));
#3412=DIRECTION('',(1.,0.,2.50344407513516E-15));
#3413=DIRECTION('',(1.,0.,2.50344407513516E-15));
#3414=DIRECTION('center_axis',(0.,1.,0.));
#3415=DIRECTION('ref_axis',(0.,0.,1.));
#3416=DIRECTION('center_axis',(0.,-1.,0.));
#3417=DIRECTION('ref_axis',(0.896119580764755,0.,0.443812682299638));
#3418=DIRECTION('',(-1.75876914792105E-15,0.,1.));
#3419=DIRECTION('center_axis',(0.,-1.,0.));
#3420=DIRECTION('ref_axis',(0.896119580765089,0.,-0.443812682298964));
#3421=DIRECTION('',(-1.,0.,4.81936251639966E-15));
#3422=DIRECTION('center_axis',(0.,1.,0.));
#3423=DIRECTION('ref_axis',(0.173648177666932,0.,-0.984807753012208));
#3424=DIRECTION('',(-0.984807753012208,0.,-0.173648177666933));
#3425=DIRECTION('center_axis',(0.,-1.,0.));
#3426=DIRECTION('ref_axis',(-0.173648177666931,0.,0.984807753012208));
#3427=DIRECTION('',(-1.,0.,0.));
#3428=DIRECTION('center_axis',(0.,-1.,0.));
#3429=DIRECTION('ref_axis',(0.,0.,1.));
#3430=DIRECTION('',(-0.984662125520765,0.,0.174472056687966));
#3431=DIRECTION('center_axis',(0.,1.,0.));
#3432=DIRECTION('ref_axis',(2.2204460492503E-15,0.,-1.));
#3433=DIRECTION('',(-1.,0.,-1.20344473750911E-15));
#3434=DIRECTION('center_axis',(0.,1.,0.));
#3435=DIRECTION('ref_axis',(1.,0.,0.));
#3436=DIRECTION('center_axis',(0.,-1.,0.));
#3437=DIRECTION('ref_axis',(-0.896119580764925,0.,-0.443812682299296));
#3438=DIRECTION('',(0.,0.,-1.));
#3439=DIRECTION('center_axis',(0.,-1.,0.));
#3440=DIRECTION('ref_axis',(-0.896119580764925,0.,0.443812682299296));
#3441=DIRECTION('center_axis',(0.,1.,0.));
#3442=DIRECTION('ref_axis',(1.,0.,0.));
#3443=DIRECTION('center_axis',(0.,1.,0.));
#3444=DIRECTION('ref_axis',(-0.361419254682685,0.,0.932403411804468));
#3445=DIRECTION('',(1.,0.,-8.65701785652845E-14));
#3446=DIRECTION('center_axis',(0.,-1.,0.));
#3447=DIRECTION('ref_axis',(0.772894646372913,0.,0.634534369130696));
#3448=DIRECTION('center_axis',(0.,-1.,0.));
#3449=DIRECTION('ref_axis',(1.,0.,0.));
#3450=DIRECTION('center_axis',(0.,-1.,0.));
#3451=DIRECTION('ref_axis',(0.880524583658309,0.,0.474000482672077));
#3452=DIRECTION('',(-1.,0.,8.67320410025393E-14));
#3453=DIRECTION('center_axis',(0.,1.,0.));
#3454=DIRECTION('ref_axis',(0.,0.,1.));
#3455=DIRECTION('',(1.,0.,1.20344473750911E-15));
#3456=DIRECTION('center_axis',(0.,-1.,0.));
#3457=DIRECTION('ref_axis',(1.85037170770859E-15,0.,-1.));
#3458=DIRECTION('',(0.984662125520765,0.,-0.174472056687967));
#3459=DIRECTION('center_axis',(0.,1.,0.));
#3460=DIRECTION('ref_axis',(0.,0.,1.));
#3461=DIRECTION('',(1.,0.,0.));
#3462=DIRECTION('center_axis',(0.,1.,0.));
#3463=DIRECTION('ref_axis',(-0.173648177666931,0.,0.984807753012208));
#3464=DIRECTION('',(0.984807753012207,0.,0.173648177666937));
#3465=DIRECTION('center_axis',(0.,-1.,0.));
#3466=DIRECTION('ref_axis',(0.173648177666932,0.,-0.984807753012208));
#3467=DIRECTION('',(1.,0.,-6.02420314549956E-15));
#3468=DIRECTION('center_axis',(0.,1.,0.));
#3469=DIRECTION('ref_axis',(3.70074341541717E-15,0.,-1.));
#3470=DIRECTION('',(-1.,0.,8.67320410025393E-14));
#3471=DIRECTION('center_axis',(0.,1.,0.));
#3472=DIRECTION('ref_axis',(-8.54871728961373E-14,0.,-1.));
#3473=DIRECTION('',(8.66158137535888E-14,0.,1.));
#3474=DIRECTION('center_axis',(0.,-1.,0.));
#3475=DIRECTION('ref_axis',(-8.54871728961372E-14,0.,-1.));
#3476=DIRECTION('',(1.,0.,-8.65701785652845E-14));
#3477=DIRECTION('center_axis',(0.,1.,0.));
#3478=DIRECTION('ref_axis',(-0.885986629531642,0.,-0.463710785178824));
#3479=DIRECTION('center_axis',(0.,-1.,0.));
#3480=DIRECTION('ref_axis',(-0.361419254682685,0.,0.932403411804468));
#3481=DIRECTION('',(0.,-1.,0.));
#3482=DIRECTION('center_axis',(0.,-1.,0.));
#3483=DIRECTION('ref_axis',(-0.361419254682685,0.,0.932403411804468));
#3484=DIRECTION('',(0.,-1.,0.));
#3485=DIRECTION('center_axis',(0.,-1.,0.));
#3486=DIRECTION('ref_axis',(-0.707106784072299,0.,0.707106778300796));
#3487=DIRECTION('center_axis',(0.,1.,0.));
#3488=DIRECTION('ref_axis',(-0.707106784072299,0.,0.707106778300796));
#3489=DIRECTION('',(0.,-1.,0.));
#3490=DIRECTION('center_axis',(0.,-1.,0.));
#3491=DIRECTION('ref_axis',(-0.707106784072299,0.,0.707106778300796));
#3492=DIRECTION('',(0.,1.,0.));
#3493=DIRECTION('center_axis',(-4.08106839803966E-9,0.,1.));
#3494=DIRECTION('ref_axis',(-1.,0.,-4.08106839803966E-9));
#3495=DIRECTION('',(-1.,0.,-4.08106839803966E-9));
#3496=DIRECTION('',(0.,1.,0.));
#3497=DIRECTION('',(1.,0.,4.08106839803966E-9));
#3498=DIRECTION('center_axis',(0.,-1.,0.));
#3499=DIRECTION('ref_axis',(0.772894646372913,0.,0.634534369130696));
#3500=DIRECTION('center_axis',(0.,1.,0.));
#3501=DIRECTION('ref_axis',(0.772894646372913,0.,0.634534369130696));
#3502=DIRECTION('',(0.,1.,0.));
#3503=DIRECTION('',(0.,-1.,0.));
#3504=DIRECTION('center_axis',(0.,-1.,0.));
#3505=DIRECTION('ref_axis',(1.,0.,0.));
#3506=DIRECTION('center_axis',(0.,-1.,0.));
#3507=DIRECTION('ref_axis',(1.,0.,0.));
#3508=DIRECTION('',(0.,-1.,0.));
#3509=DIRECTION('',(0.,-1.,0.));
#3510=DIRECTION('center_axis',(0.,1.,0.));
#3511=DIRECTION('ref_axis',(1.,0.,0.));
#3512=DIRECTION('',(0.,1.,0.));
#3513=DIRECTION('center_axis',(0.,1.,0.));
#3514=DIRECTION('ref_axis',(1.,0.,0.));
#3515=DIRECTION('',(-1.,0.,8.65701785652845E-14));
#3516=DIRECTION('center_axis',(0.,1.,0.));
#3517=DIRECTION('ref_axis',(0.361419254682683,0.,-0.932403411804469));
#3518=DIRECTION('',(-1.,0.,-5.70547950521907E-15));
#3519=DIRECTION('center_axis',(0.,1.,0.));
#3520=DIRECTION('ref_axis',(7.40148683083442E-15,0.,-1.));
#3521=DIRECTION('center_axis',(0.,-1.,0.));
#3522=DIRECTION('ref_axis',(-0.885986629531642,0.,-0.463710785178824));
#3523=DIRECTION('',(-1.,0.,8.65701785652845E-14));
#3524=DIRECTION('center_axis',(0.,1.,0.));
#3525=DIRECTION('ref_axis',(-8.54871728961372E-14,0.,-1.));
#3526=DIRECTION('',(-4.08106855410819E-9,0.,1.));
#3527=DIRECTION('center_axis',(0.,1.,0.));
#3528=DIRECTION('ref_axis',(0.961328843506358,0.,-0.275403076676219));
#3529=DIRECTION('center_axis',(0.,-1.,0.));
#3530=DIRECTION('ref_axis',(1.,0.,0.));
#3531=DIRECTION('center_axis',(0.,1.,0.));
#3532=DIRECTION('ref_axis',(-0.961328841258488,0.,-0.275403084522692));
#3533=DIRECTION('',(1.,0.,4.08106839803966E-9));
#3534=DIRECTION('center_axis',(0.,-1.,0.));
#3535=DIRECTION('ref_axis',(0.707106779743642,0.,0.707106782629453));
#3536=DIRECTION('',(8.6605549110826E-14,0.,-1.));
#3537=DIRECTION('center_axis',(0.,1.,0.));
#3538=DIRECTION('ref_axis',(1.,0.,8.85402862138564E-14));
#3539=DIRECTION('',(-1.,0.,-8.65701785652845E-14));
#3540=DIRECTION('center_axis',(0.,1.,0.));
#3541=DIRECTION('ref_axis',(0.361419254681696,0.,-0.932403411804852));
#3542=DIRECTION('',(-1.,0.,5.70547950521907E-15));
#3543=DIRECTION('center_axis',(0.,1.,0.));
#3544=DIRECTION('ref_axis',(-1.11022302462513E-14,0.,-1.));
#3545=DIRECTION('center_axis',(0.,-1.,0.));
#3546=DIRECTION('ref_axis',(-0.885986629532307,0.,-0.463710785177552));
#3547=DIRECTION('',(-1.,0.,-8.65701785652845E-14));
#3548=DIRECTION('center_axis',(0.,1.,0.));
#3549=DIRECTION('ref_axis',(-0.772894646372913,0.,0.634534369130695));
#3550=DIRECTION('center_axis',(0.,-1.,0.));
#3551=DIRECTION('ref_axis',(0.606060646046407,0.,0.79541843913365));
#3552=DIRECTION('center_axis',(0.,1.,0.));
#3553=DIRECTION('ref_axis',(1.,0.,0.));
#3554=DIRECTION('center_axis',(0.,1.,0.));
#3555=DIRECTION('ref_axis',(1.,0.,0.));
#3556=DIRECTION('center_axis',(0.,-1.,0.));
#3557=DIRECTION('ref_axis',(-1.,0.,2.77555756156289E-15));
#3558=DIRECTION('center_axis',(0.,1.,0.));
#3559=DIRECTION('ref_axis',(1.,0.,0.));
#3560=DIRECTION('',(-1.,0.,-1.20344473750911E-15));
#3561=DIRECTION('center_axis',(0.,1.,0.));
#3562=DIRECTION('ref_axis',(2.2204460492503E-15,0.,-1.));
#3563=DIRECTION('',(-0.984662125520765,0.,0.174472056687966));
#3564=DIRECTION('center_axis',(0.,-1.,0.));
#3565=DIRECTION('ref_axis',(0.,0.,1.));
#3566=DIRECTION('',(-1.,0.,0.));
#3567=DIRECTION('center_axis',(0.,-1.,0.));
#3568=DIRECTION('ref_axis',(-0.173648177666931,0.,0.984807753012208));
#3569=DIRECTION('',(-0.984807753012208,0.,-0.173648177666933));
#3570=DIRECTION('center_axis',(0.,1.,0.));
#3571=DIRECTION('ref_axis',(0.173648177666932,0.,-0.984807753012208));
#3572=DIRECTION('',(-1.,0.,4.81936251639966E-15));
#3573=DIRECTION('center_axis',(0.,-1.,0.));
#3574=DIRECTION('ref_axis',(-0.606060566075392,0.,-0.79541850006671));
#3575=DIRECTION('center_axis',(0.,1.,0.));
#3576=DIRECTION('ref_axis',(1.,0.,0.));
#3577=DIRECTION('',(-1.,0.,-4.81936251639966E-15));
#3578=DIRECTION('center_axis',(0.,1.,0.));
#3579=DIRECTION('ref_axis',(-1.11022302462531E-15,0.,-1.));
#3580=DIRECTION('',(-0.984807753012208,0.,0.173648177666933));
#3581=DIRECTION('center_axis',(0.,-1.,0.));
#3582=DIRECTION('ref_axis',(0.,0.,1.));
#3583=DIRECTION('',(-1.,0.,0.));
#3584=DIRECTION('center_axis',(0.,-1.,0.));
#3585=DIRECTION('ref_axis',(-0.174472056687982,0.,0.984662125520762));
#3586=DIRECTION('',(-0.984662125520765,0.,-0.174472056687966));
#3587=DIRECTION('center_axis',(0.,1.,0.));
#3588=DIRECTION('ref_axis',(0.174472056687981,0.,-0.984662125520763));
#3589=DIRECTION('',(-1.,0.,1.20344473750911E-15));
#3590=DIRECTION('center_axis',(0.,1.,0.));
#3591=DIRECTION('ref_axis',(1.,0.,0.));
#3592=DIRECTION('center_axis',(0.,-1.,0.));
#3593=DIRECTION('ref_axis',(1.,0.,-1.11022302462516E-15));
#3594=DIRECTION('center_axis',(0.,1.,0.));
#3595=DIRECTION('ref_axis',(1.,0.,0.));
#3596=DIRECTION('center_axis',(0.,1.,0.));
#3597=DIRECTION('ref_axis',(1.,0.,0.));
#3598=DIRECTION('center_axis',(0.,1.,0.));
#3599=DIRECTION('ref_axis',(1.,0.,0.));
#3600=DIRECTION('center_axis',(0.,1.,0.));
#3601=DIRECTION('ref_axis',(1.,0.,0.));
#3602=DIRECTION('center_axis',(0.,1.,0.));
#3603=DIRECTION('ref_axis',(1.,0.,0.));
#3604=DIRECTION('center_axis',(0.,1.,0.));
#3605=DIRECTION('ref_axis',(1.,0.,0.));
#3606=DIRECTION('center_axis',(0.,1.,0.));
#3607=DIRECTION('ref_axis',(-0.173648177666931,0.,0.984807753012208));
#3608=DIRECTION('',(1.,0.,0.));
#3609=DIRECTION('center_axis',(0.,1.,0.));
#3610=DIRECTION('ref_axis',(0.,0.,1.));
#3611=DIRECTION('',(0.984662125520765,0.,-0.174472056687967));
#3612=DIRECTION('center_axis',(0.,-1.,0.));
#3613=DIRECTION('ref_axis',(1.85037170770859E-15,0.,-1.));
#3614=DIRECTION('',(1.,0.,1.20344473750911E-15));
#3615=DIRECTION('center_axis',(0.,1.,0.));
#3616=DIRECTION('ref_axis',(0.,0.,1.));
#3617=DIRECTION('',(-1.,0.,4.63681380872862E-14));
#3618=DIRECTION('center_axis',(0.,1.,0.));
#3619=DIRECTION('ref_axis',(3.70074341541717E-15,0.,-1.));
#3620=DIRECTION('',(1.,0.,-6.02420314549956E-15));
#3621=DIRECTION('center_axis',(0.,-1.,0.));
#3622=DIRECTION('ref_axis',(0.173648177666932,0.,-0.984807753012208));
#3623=DIRECTION('',(0.984807753012207,0.,0.173648177666937));
#3624=DIRECTION('center_axis',(0.,1.,0.));
#3625=DIRECTION('ref_axis',(1.11022302462555E-14,0.,1.));
#3626=DIRECTION('',(-1.,0.,-4.6150447298144E-14));
#3627=DIRECTION('center_axis',(0.,1.,0.));
#3628=DIRECTION('ref_axis',(0.,0.,-1.));
#3629=DIRECTION('',(1.,0.,-1.20344473750911E-15));
#3630=DIRECTION('center_axis',(0.,-1.,0.));
#3631=DIRECTION('ref_axis',(0.174472056687982,0.,-0.984662125520762));
#3632=DIRECTION('',(0.984662125520765,0.,0.174472056687967));
#3633=DIRECTION('center_axis',(0.,1.,0.));
#3634=DIRECTION('ref_axis',(-0.174472056687985,0.,0.984662125520762));
#3635=DIRECTION('',(1.,0.,0.));
#3636=DIRECTION('center_axis',(0.,1.,0.));
#3637=DIRECTION('ref_axis',(0.,0.,1.));
#3638=DIRECTION('',(0.984807753012207,0.,-0.173648177666937));
#3639=DIRECTION('center_axis',(0.,-1.,0.));
#3640=DIRECTION('ref_axis',(-9.25185853854401E-16,0.,-1.));
#3641=DIRECTION('',(1.,0.,6.02420314549956E-15));
#3642=DIRECTION('center_axis',(0.,1.,0.));
#3643=DIRECTION('ref_axis',(0.791537348074774,0.,0.61112079542653));
#3644=DIRECTION('center_axis',(0.,-1.,0.));
#3645=DIRECTION('ref_axis',(0.791537348074774,0.,0.61112079542653));
#3646=DIRECTION('',(0.,-1.,0.));
#3647=DIRECTION('center_axis',(0.,-1.,0.));
#3648=DIRECTION('ref_axis',(0.791537348074774,0.,0.61112079542653));
#3649=DIRECTION('',(0.,1.,0.));
#3650=DIRECTION('center_axis',(0.,-1.,0.));
#3651=DIRECTION('ref_axis',(1.,0.,0.));
#3652=DIRECTION('center_axis',(0.,-1.,0.));
#3653=DIRECTION('ref_axis',(1.,0.,0.));
#3654=DIRECTION('center_axis',(0.,1.,0.));
#3655=DIRECTION('ref_axis',(1.,0.,0.));
#3656=DIRECTION('',(0.,1.,0.));
#3657=DIRECTION('center_axis',(0.,-1.,0.));
#3658=DIRECTION('ref_axis',(1.,0.,0.));
#3659=DIRECTION('',(0.,1.,0.));
#3660=DIRECTION('',(0.,-1.,0.));
#3661=DIRECTION('center_axis',(0.,1.,0.));
#3662=DIRECTION('ref_axis',(1.,0.,0.));
#3663=DIRECTION('',(-8.66158137535888E-14,0.,-1.));
#3664=DIRECTION('center_axis',(0.,-1.,0.));
#3665=DIRECTION('ref_axis',(-8.54871728961373E-14,0.,-1.));
#3666=DIRECTION('',(1.,0.,-8.67320410025393E-14));
#3667=DIRECTION('center_axis',(0.,-1.,0.));
#3668=DIRECTION('ref_axis',(0.880524583658309,0.,0.474000482672077));
#3669=DIRECTION('center_axis',(0.,-1.,0.));
#3670=DIRECTION('ref_axis',(-0.880524583658305,0.,0.474000482672084));
#3671=DIRECTION('',(1.,0.,8.67320410025393E-14));
#3672=DIRECTION('center_axis',(0.,-1.,0.));
#3673=DIRECTION('ref_axis',(1.,0.,8.88178419700127E-14));
#3674=DIRECTION('',(-8.66158137535888E-14,0.,1.));
#3675=DIRECTION('center_axis',(0.,-1.,0.));
#3676=DIRECTION('ref_axis',(-0.791537348074774,0.,0.61112079542653));
#3677=DIRECTION('center_axis',(0.,-1.,0.));
#3678=DIRECTION('ref_axis',(1.,0.,0.));
#3679=DIRECTION('center_axis',(0.,-1.,0.));
#3680=DIRECTION('ref_axis',(1.,0.,0.));
#3681=DIRECTION('center_axis',(0.,-1.,0.));
#3682=DIRECTION('ref_axis',(1.,0.,0.));
#3683=DIRECTION('center_axis',(0.,-1.,0.));
#3684=DIRECTION('ref_axis',(1.,0.,0.));
#3685=DIRECTION('center_axis',(0.,-1.,0.));
#3686=DIRECTION('ref_axis',(1.,0.,0.));
#3687=DIRECTION('center_axis',(0.,-1.,0.));
#3688=DIRECTION('ref_axis',(0.707106779743642,0.,0.707106782629453));
#3689=DIRECTION('center_axis',(0.,1.,0.));
#3690=DIRECTION('ref_axis',(0.707106779743642,0.,0.707106782629453));
#3691=DIRECTION('',(0.,-1.,0.));
#3692=DIRECTION('',(0.,1.,0.));
#3693=DIRECTION('center_axis',(1.,0.,8.66158137535888E-14));
#3694=DIRECTION('ref_axis',(-8.66158137535888E-14,0.,1.));
#3695=DIRECTION('',(8.66158137535888E-14,0.,-1.));
#3696=DIRECTION('',(0.,-1.,0.));
#3697=DIRECTION('',(0.,-1.,0.));
#3698=DIRECTION('',(0.,-1.,0.));
#3699=DIRECTION('center_axis',(0.,-1.,0.));
#3700=DIRECTION('ref_axis',(-0.791537348074774,0.,0.61112079542653));
#3701=DIRECTION('center_axis',(0.,-1.,0.));
#3702=DIRECTION('ref_axis',(-0.791537348074774,0.,0.61112079542653));
#3703=DIRECTION('center_axis',(0.,1.,0.));
#3704=DIRECTION('ref_axis',(-0.772894646372913,0.,0.634534369130695));
#3705=DIRECTION('',(0.,1.,0.));
#3706=DIRECTION('center_axis',(0.,-1.,0.));
#3707=DIRECTION('ref_axis',(0.880524583658309,0.,0.474000482672077));
#3708=DIRECTION('',(0.,-1.,0.));
#3709=DIRECTION('center_axis',(0.,1.,0.));
#3710=DIRECTION('ref_axis',(-0.880524583658305,0.,0.474000482672084));
#3711=DIRECTION('',(0.,1.,0.));
#3712=DIRECTION('center_axis',(-4.6150447298144E-14,0.,1.));
#3713=DIRECTION('ref_axis',(-1.,0.,-4.6150447298144E-14));
#3714=DIRECTION('',(0.,-1.,0.));
#3715=DIRECTION('',(0.,-1.,0.));
#3716=DIRECTION('',(0.,-1.,0.));
#3717=DIRECTION('center_axis',(0.,1.,0.));
#3718=DIRECTION('ref_axis',(0.961328843506358,0.,-0.275403076676219));
#3719=DIRECTION('center_axis',(0.,-1.,0.));
#3720=DIRECTION('ref_axis',(0.961328843506358,0.,-0.275403076676219));
#3721=DIRECTION('center_axis',(0.,-1.,0.));
#3722=DIRECTION('ref_axis',(-0.961328841258488,0.,-0.275403084522692));
#3723=DIRECTION('center_axis',(0.,-1.,0.));
#3724=DIRECTION('ref_axis',(-0.961328841258488,0.,-0.275403084522692));
#3725=DIRECTION('',(0.,-1.,0.));
#3726=DIRECTION('center_axis',(-4.08106839803966E-9,0.,1.));
#3727=DIRECTION('ref_axis',(-1.,0.,-4.08106839803966E-9));
#3728=DIRECTION('',(-1.,0.,-4.08106839803966E-9));
#3729=DIRECTION('center_axis',(0.,-1.,0.));
#3730=DIRECTION('ref_axis',(0.361419254681696,0.,-0.932403411804852));
#3731=DIRECTION('',(0.,-1.,0.));
#3732=DIRECTION('center_axis',(-5.70547950521907E-15,0.,-1.));
#3733=DIRECTION('ref_axis',(1.,0.,-5.70547950521907E-15));
#3734=DIRECTION('',(0.,-1.,0.));
#3735=DIRECTION('center_axis',(0.,-1.,0.));
#3736=DIRECTION('ref_axis',(-1.11022302462513E-14,0.,-1.));
#3737=DIRECTION('',(0.,-1.,0.));
#3738=DIRECTION('center_axis',(0.,-1.,0.));
#3739=DIRECTION('ref_axis',(-0.885986629532307,0.,-0.463710785177552));
#3740=DIRECTION('',(0.,-1.,0.));
#3741=DIRECTION('center_axis',(8.65701785652845E-14,0.,-1.));
#3742=DIRECTION('ref_axis',(1.,0.,8.65701785652845E-14));
#3743=DIRECTION('center_axis',(0.,-1.,0.));
#3744=DIRECTION('ref_axis',(1.,0.,8.85402862138564E-14));
#3745=DIRECTION('',(0.,-1.,0.));
#3746=DIRECTION('center_axis',(8.65701785652845E-14,0.,-1.));
#3747=DIRECTION('ref_axis',(1.,0.,8.65701785652845E-14));
#3748=DIRECTION('center_axis',(0.,-1.,0.));
#3749=DIRECTION('ref_axis',(0.361419254682683,0.,-0.932403411804469));
#3750=DIRECTION('',(0.,-1.,0.));
#3751=DIRECTION('center_axis',(5.70547950521907E-15,0.,-1.));
#3752=DIRECTION('ref_axis',(1.,0.,5.70547950521907E-15));
#3753=DIRECTION('',(0.,-1.,0.));
#3754=DIRECTION('center_axis',(0.,-1.,0.));
#3755=DIRECTION('ref_axis',(7.40148683083442E-15,0.,-1.));
#3756=DIRECTION('',(0.,-1.,0.));
#3757=DIRECTION('center_axis',(0.,-1.,0.));
#3758=DIRECTION('ref_axis',(-0.885986629531642,0.,-0.463710785178824));
#3759=DIRECTION('',(0.,-1.,0.));
#3760=DIRECTION('center_axis',(-8.65701785652845E-14,0.,-1.));
#3761=DIRECTION('ref_axis',(1.,0.,-8.65701785652845E-14));
#3762=DIRECTION('',(0.,-1.,0.));
#3763=DIRECTION('center_axis',(0.,-1.,0.));
#3764=DIRECTION('ref_axis',(-8.54871728961372E-14,0.,-1.));
#3765=DIRECTION('',(0.,-1.,0.));
#3766=DIRECTION('center_axis',(-1.,0.,-4.08106855410819E-9));
#3767=DIRECTION('ref_axis',(4.08106855410819E-9,0.,-1.));
#3768=DIRECTION('',(8.66158137535888E-14,0.,1.));
#3769=DIRECTION('center_axis',(-8.65701785652845E-14,0.,-1.));
#3770=DIRECTION('ref_axis',(1.,0.,-8.65701785652845E-14));
#3771=DIRECTION('center_axis',(0.,1.,0.));
#3772=DIRECTION('ref_axis',(0.,0.,1.));
#3773=DIRECTION('center_axis',(0.,1.,0.));
#3774=DIRECTION('ref_axis',(0.,0.,1.));
#3775=DIRECTION('',(8.66158137535888E-14,0.,1.));
#3776=DIRECTION('center_axis',(0.,-1.,0.));
#3777=DIRECTION('ref_axis',(1.,0.,8.88178419700127E-14));
#3778=DIRECTION('center_axis',(0.,-1.,0.));
#3779=DIRECTION('ref_axis',(-8.54871728961373E-14,0.,-1.));
#3780=DIRECTION('',(0.,-1.,0.));
#3781=DIRECTION('',(0.,-1.,0.));
#3782=DIRECTION('center_axis',(-1.,0.,8.66158137535888E-14));
#3783=DIRECTION('ref_axis',(-8.66158137535888E-14,0.,-1.));
#3784=DIRECTION('center_axis',(-1.,0.,1.75876914792105E-15));
#3785=DIRECTION('ref_axis',(-1.75876914792105E-15,0.,-1.));
#3786=DIRECTION('',(0.,1.,0.));
#3787=DIRECTION('',(0.,-1.,0.));
#3788=DIRECTION('center_axis',(0.,-1.,0.));
#3789=DIRECTION('ref_axis',(-0.896119580765089,0.,-0.443812682298964));
#3790=DIRECTION('',(0.,-1.,0.));
#3791=DIRECTION('center_axis',(0.,-1.,0.));
#3792=DIRECTION('ref_axis',(1.,0.,0.));
#3793=DIRECTION('',(0.,-1.,0.));
#3794=DIRECTION('center_axis',(-4.81936251639966E-15,0.,1.));
#3795=DIRECTION('ref_axis',(-1.,0.,-4.81936251639966E-15));
#3796=DIRECTION('',(0.,-1.,0.));
#3797=DIRECTION('center_axis',(0.,-1.,0.));
#3798=DIRECTION('ref_axis',(-1.11022302462531E-15,0.,-1.));
#3799=DIRECTION('',(0.,-1.,0.));
#3800=DIRECTION('center_axis',(0.173648177666933,0.,0.984807753012208));
#3801=DIRECTION('ref_axis',(-0.984807753012208,0.,0.173648177666933));
#3802=DIRECTION('',(0.,-1.,0.));
#3803=DIRECTION('center_axis',(0.,-1.,0.));
#3804=DIRECTION('ref_axis',(0.,0.,1.));
#3805=DIRECTION('',(0.,-1.,0.));
#3806=DIRECTION('center_axis',(0.,0.,1.));
#3807=DIRECTION('ref_axis',(-1.,0.,0.));
#3808=DIRECTION('',(0.,-1.,0.));
#3809=DIRECTION('center_axis',(0.,-1.,0.));
#3810=DIRECTION('ref_axis',(-0.174472056687982,0.,0.984662125520762));
#3811=DIRECTION('',(0.,-1.,0.));
#3812=DIRECTION('center_axis',(-0.174472056687966,0.,0.984662125520765));
#3813=DIRECTION('ref_axis',(-0.984662125520765,0.,-0.174472056687966));
#3814=DIRECTION('',(0.,-1.,0.));
#3815=DIRECTION('center_axis',(0.,-1.,0.));
#3816=DIRECTION('ref_axis',(0.,0.,1.));
#3817=DIRECTION('',(0.,-1.,0.));
#3818=DIRECTION('',(0.,-1.,0.));
#3819=DIRECTION('center_axis',(-0.173648177666937,0.,-0.984807753012207));
#3820=DIRECTION('ref_axis',(0.984807753012207,0.,-0.173648177666937));
#3821=DIRECTION('',(0.,-1.,0.));
#3822=DIRECTION('center_axis',(0.,-1.,0.));
#3823=DIRECTION('ref_axis',(-9.25185853854401E-16,0.,-1.));
#3824=DIRECTION('',(0.,-1.,0.));
#3825=DIRECTION('center_axis',(6.02420314549956E-15,0.,-1.));
#3826=DIRECTION('ref_axis',(1.,0.,6.02420314549956E-15));
#3827=DIRECTION('',(0.,-1.,0.));
#3828=DIRECTION('center_axis',(0.,-1.,0.));
#3829=DIRECTION('ref_axis',(1.11022302462555E-14,0.,1.));
#3830=DIRECTION('center_axis',(0.,-1.,0.));
#3831=DIRECTION('ref_axis',(2.2204460492503E-15,0.,-1.));
#3832=DIRECTION('',(0.,-1.,0.));
#3833=DIRECTION('',(0.,-1.,0.));
#3834=DIRECTION('center_axis',(0.174472056687966,0.,0.984662125520765));
#3835=DIRECTION('ref_axis',(-0.984662125520765,0.,0.174472056687966));
#3836=DIRECTION('',(0.,-1.,0.));
#3837=DIRECTION('center_axis',(0.,-1.,0.));
#3838=DIRECTION('ref_axis',(0.,0.,1.));
#3839=DIRECTION('',(0.,-1.,0.));
#3840=DIRECTION('center_axis',(0.,0.,1.));
#3841=DIRECTION('ref_axis',(-1.,0.,0.));
#3842=DIRECTION('',(0.,-1.,0.));
#3843=DIRECTION('center_axis',(0.,-1.,0.));
#3844=DIRECTION('ref_axis',(-0.173648177666931,0.,0.984807753012208));
#3845=DIRECTION('',(0.,-1.,0.));
#3846=DIRECTION('center_axis',(-0.173648177666933,0.,0.984807753012208));
#3847=DIRECTION('ref_axis',(-0.984807753012208,0.,-0.173648177666933));
#3848=DIRECTION('',(0.,-1.,0.));
#3849=DIRECTION('center_axis',(0.,-1.,0.));
#3850=DIRECTION('ref_axis',(0.173648177666932,0.,-0.984807753012208));
#3851=DIRECTION('',(0.,-1.,0.));
#3852=DIRECTION('center_axis',(4.81936251639966E-15,0.,1.));
#3853=DIRECTION('ref_axis',(-1.,0.,4.81936251639966E-15));
#3854=DIRECTION('center_axis',(0.,-1.,0.));
#3855=DIRECTION('ref_axis',(0.896119580765089,0.,-0.443812682298964));
#3856=DIRECTION('',(0.,-1.,0.));
#3857=DIRECTION('center_axis',(0.,-1.,0.));
#3858=DIRECTION('ref_axis',(3.70074341541717E-15,0.,-1.));
#3859=DIRECTION('',(0.,-1.,0.));
#3860=DIRECTION('',(0.,-1.,0.));
#3861=DIRECTION('center_axis',(-6.02420314549956E-15,0.,-1.));
#3862=DIRECTION('ref_axis',(1.,0.,-6.02420314549956E-15));
#3863=DIRECTION('',(0.,-1.,0.));
#3864=DIRECTION('center_axis',(0.,-1.,0.));
#3865=DIRECTION('ref_axis',(0.173648177666932,0.,-0.984807753012208));
#3866=DIRECTION('',(0.,-1.,0.));
#3867=DIRECTION('center_axis',(0.173648177666937,0.,-0.984807753012207));
#3868=DIRECTION('ref_axis',(0.984807753012207,0.,0.173648177666937));
#3869=DIRECTION('',(0.,-1.,0.));
#3870=DIRECTION('center_axis',(0.,-1.,0.));
#3871=DIRECTION('ref_axis',(-0.173648177666931,0.,0.984807753012208));
#3872=DIRECTION('',(0.,-1.,0.));
#3873=DIRECTION('center_axis',(0.,0.,-1.));
#3874=DIRECTION('ref_axis',(1.,0.,0.));
#3875=DIRECTION('',(0.,-1.,0.));
#3876=DIRECTION('center_axis',(0.,-1.,0.));
#3877=DIRECTION('ref_axis',(0.896119580764755,0.,0.443812682299638));
#3878=DIRECTION('',(0.,1.,0.));
#3879=DIRECTION('center_axis',(1.,0.,1.75876914792105E-15));
#3880=DIRECTION('ref_axis',(-1.75876914792105E-15,0.,1.));
#3881=DIRECTION('center_axis',(0.,-1.,0.));
#3882=DIRECTION('ref_axis',(-0.896119580764925,0.,-0.443812682299296));
#3883=DIRECTION('',(0.,-1.,0.));
#3884=DIRECTION('',(0.,1.,0.));
#3885=DIRECTION('center_axis',(-1.,0.,0.));
#3886=DIRECTION('ref_axis',(0.,0.,-1.));
#3887=DIRECTION('',(0.,-1.,0.));
#3888=DIRECTION('center_axis',(0.,-1.,0.));
#3889=DIRECTION('ref_axis',(-0.896119580764925,0.,0.443812682299296));
#3890=DIRECTION('',(0.,1.,0.));
#3891=DIRECTION('center_axis',(0.,1.,0.));
#3892=DIRECTION('ref_axis',(1.,0.,0.));
#3893=DIRECTION('',(0.,1.,0.));
#3894=DIRECTION('center_axis',(0.,1.,0.));
#3895=DIRECTION('ref_axis',(1.,0.,0.));
#3896=DIRECTION('center_axis',(0.,1.,0.));
#3897=DIRECTION('ref_axis',(0.,0.,1.));
#3898=DIRECTION('center_axis',(0.,-1.,0.));
#3899=DIRECTION('ref_axis',(1.,0.,0.));
#3900=DIRECTION('center_axis',(0.,1.,0.));
#3901=DIRECTION('ref_axis',(1.,0.,0.));
#3902=DIRECTION('',(0.,1.,0.));
#3903=DIRECTION('center_axis',(0.,1.,0.));
#3904=DIRECTION('ref_axis',(1.,0.,0.));
#3905=DIRECTION('center_axis',(0.,1.,0.));
#3906=DIRECTION('ref_axis',(0.,0.,1.));
#3907=DIRECTION('center_axis',(0.,-1.,0.));
#3908=DIRECTION('ref_axis',(1.,0.,0.));
#3909=DIRECTION('center_axis',(0.,1.,0.));
#3910=DIRECTION('ref_axis',(1.,0.,0.));
#3911=DIRECTION('',(0.,1.,0.));
#3912=DIRECTION('center_axis',(0.,1.,0.));
#3913=DIRECTION('ref_axis',(1.,0.,0.));
#3914=DIRECTION('center_axis',(0.,1.,0.));
#3915=DIRECTION('ref_axis',(0.,0.,1.));
#3916=DIRECTION('center_axis',(0.,-1.,0.));
#3917=DIRECTION('ref_axis',(1.,0.,0.));
#3918=DIRECTION('center_axis',(0.,-1.,0.));
#3919=DIRECTION('ref_axis',(1.,0.,0.));
#3920=DIRECTION('',(0.,-1.,0.));
#3921=DIRECTION('center_axis',(0.,-1.,0.));
#3922=DIRECTION('ref_axis',(-0.896119580764755,0.,0.443812682299638));
#3923=DIRECTION('',(0.,1.,0.));
#3924=DIRECTION('center_axis',(0.,-1.,0.));
#3925=DIRECTION('ref_axis',(0.896119580764925,0.,0.443812682299296));
#3926=DIRECTION('',(0.,-1.,0.));
#3927=DIRECTION('',(0.,1.,0.));
#3928=DIRECTION('center_axis',(0.,-1.,0.));
#3929=DIRECTION('ref_axis',(-0.947475189543348,0.,0.319829275082499));
#3930=DIRECTION('center_axis',(0.,-1.,0.));
#3931=DIRECTION('ref_axis',(0.896119580764924,0.,-0.443812682299297));
#3932=DIRECTION('',(0.,-1.,0.));
#3933=DIRECTION('',(0.,1.,0.));
#3934=DIRECTION('center_axis',(0.,-1.,0.));
#3935=DIRECTION('ref_axis',(-0.947475189543348,0.,-0.319829275082499));
#3936=DIRECTION('',(0.,-1.,0.));
#3937=DIRECTION('center_axis',(0.,0.,-1.));
#3938=DIRECTION('ref_axis',(1.,0.,0.));
#3939=DIRECTION('',(0.,-1.,0.));
#3940=DIRECTION('center_axis',(0.,-1.,0.));
#3941=DIRECTION('ref_axis',(-0.174472056687985,0.,0.984662125520762));
#3942=DIRECTION('',(0.,-1.,0.));
#3943=DIRECTION('center_axis',(0.174472056687967,0.,-0.984662125520765));
#3944=DIRECTION('ref_axis',(0.984662125520765,0.,0.174472056687967));
#3945=DIRECTION('',(0.,-1.,0.));
#3946=DIRECTION('center_axis',(0.,-1.,0.));
#3947=DIRECTION('ref_axis',(0.174472056687982,0.,-0.984662125520762));
#3948=DIRECTION('',(0.,-1.,0.));
#3949=DIRECTION('center_axis',(-1.20344473750911E-15,0.,-1.));
#3950=DIRECTION('ref_axis',(1.,0.,-1.20344473750911E-15));
#3951=DIRECTION('',(0.,-1.,0.));
#3952=DIRECTION('center_axis',(0.,-1.,0.));
#3953=DIRECTION('ref_axis',(0.,0.,-1.));
#3954=DIRECTION('center_axis',(4.63681380872862E-14,0.,1.));
#3955=DIRECTION('ref_axis',(-1.,0.,4.63681380872862E-14));
#3956=DIRECTION('',(0.,-1.,0.));
#3957=DIRECTION('center_axis',(0.,-1.,0.));
#3958=DIRECTION('ref_axis',(0.,0.,1.));
#3959=DIRECTION('',(0.,-1.,0.));
#3960=DIRECTION('center_axis',(1.20344473750911E-15,0.,-1.));
#3961=DIRECTION('ref_axis',(1.,0.,1.20344473750911E-15));
#3962=DIRECTION('',(0.,-1.,0.));
#3963=DIRECTION('center_axis',(0.,-1.,0.));
#3964=DIRECTION('ref_axis',(1.85037170770859E-15,0.,-1.));
#3965=DIRECTION('',(0.,-1.,0.));
#3966=DIRECTION('center_axis',(-0.174472056687967,0.,-0.984662125520765));
#3967=DIRECTION('ref_axis',(0.984662125520765,0.,-0.174472056687967));
#3968=DIRECTION('',(0.,-1.,0.));
#3969=DIRECTION('center_axis',(0.,-1.,0.));
#3970=DIRECTION('ref_axis',(0.,0.,1.));
#3971=DIRECTION('center_axis',(0.,-1.,0.));
#3972=DIRECTION('ref_axis',(1.,0.,0.));
#3973=DIRECTION('',(0.,1.,0.));
#3974=DIRECTION('center_axis',(0.,-1.,0.));
#3975=DIRECTION('ref_axis',(1.,0.,0.));
#3976=DIRECTION('',(0.,1.,0.));
#3977=DIRECTION('center_axis',(0.,-1.,0.));
#3978=DIRECTION('ref_axis',(1.,0.,0.));
#3979=DIRECTION('center_axis',(1.,0.,0.));
#3980=DIRECTION('ref_axis',(0.,0.,1.));
#3981=DIRECTION('center_axis',(1.20344473750911E-15,0.,1.));
#3982=DIRECTION('ref_axis',(-1.,0.,1.20344473750911E-15));
#3983=DIRECTION('',(0.,-1.,0.));
#3984=DIRECTION('center_axis',(0.,-1.,0.));
#3985=DIRECTION('ref_axis',(0.174472056687981,0.,-0.984662125520763));
#3986=DIRECTION('center_axis',(-1.20344473750911E-15,0.,1.));
#3987=DIRECTION('ref_axis',(-1.,0.,-1.20344473750911E-15));
#3988=DIRECTION('center_axis',(0.,-1.,0.));
#3989=DIRECTION('ref_axis',(1.,0.,0.));
#3990=DIRECTION('center_axis',(0.,-1.,0.));
#3991=DIRECTION('ref_axis',(1.,0.,0.));
#3992=DIRECTION('',(0.,1.,0.));
#3993=DIRECTION('center_axis',(0.,-1.,0.));
#3994=DIRECTION('ref_axis',(1.,0.,0.));
#3995=DIRECTION('',(0.,1.,0.));
#3996=DIRECTION('center_axis',(0.,-1.,0.));
#3997=DIRECTION('ref_axis',(1.,0.,0.));
#3998=DIRECTION('',(0.,1.,0.));
#3999=CARTESIAN_POINT('',(0.,0.,0.));
#4000=CARTESIAN_POINT('Origin',(-13.3914266517736,-4.5,-3.5234409173459));
#4001=CARTESIAN_POINT('',(-13.3914266517736,-5.,-4.1734409173459));
#4002=CARTESIAN_POINT('',(-13.9888653231232,-5.,-3.77950152340631));
#4003=CARTESIAN_POINT('Origin',(-13.3914266517736,-5.,-3.5234409173459));
#4004=CARTESIAN_POINT('',(-13.3914266517736,-4.5,-4.1734409173459));
#4005=CARTESIAN_POINT('',(-13.3914266517736,-4.5,-4.1734409173459));
#4006=CARTESIAN_POINT('',(-13.9888653231232,-4.5,-3.77950152340631));
#4007=CARTESIAN_POINT('Origin',(-13.3914266517736,-4.5,-3.5234409173459));
#4008=CARTESIAN_POINT('',(-13.9888653231232,-4.5,-3.77950152340631));
#4009=CARTESIAN_POINT('Origin',(-9.32457682939422,-4.5,-3.52344091734757));
#4010=CARTESIAN_POINT('',(-8.72713815804479,-5.,-3.77950152340838));
#4011=CARTESIAN_POINT('',(-9.32457682939422,-5.,-4.17344091734758));
#4012=CARTESIAN_POINT('Origin',(-9.32457682939422,-5.,-3.52344091734757));
#4013=CARTESIAN_POINT('',(-8.72713815804479,-4.5,-3.77950152340838));
#4014=CARTESIAN_POINT('',(-8.72713815804479,-4.5,-3.77950152340838));
#4015=CARTESIAN_POINT('',(-9.32457682939422,-4.5,-4.17344091734758));
#4016=CARTESIAN_POINT('Origin',(-9.32457682939422,-4.5,-3.52344091734757));
#4017=CARTESIAN_POINT('',(-9.32457682939422,-4.5,-4.17344091734758));
#4018=CARTESIAN_POINT('Origin',(-13.3914266517736,-4.5,-4.1734409173459));
#4019=CARTESIAN_POINT('',(-6.69571334168756,-5.,-4.17344091734866));
#4020=CARTESIAN_POINT('',(-12.3747141645791,-4.5,-4.17344091734632));
#4021=CARTESIAN_POINT('Origin',(13.3914266517746,-4.5,-5.29855996766456));
#4022=CARTESIAN_POINT('',(9.32457682939522,-5.,-5.29855996766622));
#4023=CARTESIAN_POINT('',(13.3914266517746,-5.,-5.29855996766456));
#4024=CARTESIAN_POINT('',(6.69571331008846,-5.,-5.29855996766729));
#4025=CARTESIAN_POINT('',(9.32457682939522,-4.5,-5.29855996766622));
#4026=CARTESIAN_POINT('',(9.32457682939522,-4.5,-5.29855996766622));
#4027=CARTESIAN_POINT('',(13.3914266517746,-4.5,-5.29855996766456));
#4028=CARTESIAN_POINT('',(12.3747141645798,-4.5,-5.29855996766497));
#4029=CARTESIAN_POINT('',(13.3914266517746,-4.5,-5.29855996766456));
#4030=CARTESIAN_POINT('Origin',(13.3914266517746,-4.5,-5.94855996766456));
#4031=CARTESIAN_POINT('',(13.9888257819306,-5.,-5.69240718885265));
#4032=CARTESIAN_POINT('Origin',(13.3914266517746,-5.,-5.94855996766456));
#4033=CARTESIAN_POINT('',(13.9888257819306,-4.5,-5.69240718885265));
#4034=CARTESIAN_POINT('Origin',(13.3914266517746,-4.5,-5.94855996766456));
#4035=CARTESIAN_POINT('',(13.9888257819306,-4.5,-5.69240718885265));
#4036=CARTESIAN_POINT('Origin',(14.9080017405848,-4.5,-5.29855996766434));
#4037=CARTESIAN_POINT('',(14.3019410713246,-5.,-6.09397843726475));
#4038=CARTESIAN_POINT('Origin',(14.9080017405848,-5.,-5.29855996766434));
#4039=CARTESIAN_POINT('',(14.3019410713246,-4.5,-6.09397843726475));
#4040=CARTESIAN_POINT('Origin',(14.9080016773852,-4.5,-5.29855996766435));
#4041=CARTESIAN_POINT('',(14.3019410870766,-4.5,-6.09397844926681));
#4042=CARTESIAN_POINT('Origin',(7.80800174058482,-4.5,-5.29855996766643));
#4043=CARTESIAN_POINT('',(8.41406226835741,-5.,-6.09397841746299));
#4044=CARTESIAN_POINT('',(8.72713809938563,-5.,-5.69249933804104));
#4045=CARTESIAN_POINT('Origin',(7.80800174058482,-5.,-5.29855996766643));
#4046=CARTESIAN_POINT('',(8.41406228344639,-4.5,-6.09397843726638));
#4047=CARTESIAN_POINT('',(8.41406228410939,-4.5,-6.09397840546094));
#4048=CARTESIAN_POINT('',(8.72713809938563,-4.5,-5.69249933804104));
#4049=CARTESIAN_POINT('Origin',(7.8080016773852,-4.5,-5.29855996766643));
#4050=CARTESIAN_POINT('',(8.72713809938563,-4.5,-5.69249933804104));
#4051=CARTESIAN_POINT('Origin',(9.32457682939522,-4.5,-5.94855996766622));
#4052=CARTESIAN_POINT('Origin',(9.32457682939522,-5.,-5.94855996766622));
#4053=CARTESIAN_POINT('Origin',(9.32457682939522,-4.5,-5.94855996766622));
#4054=CARTESIAN_POINT('Origin',(-9.32457682939522,-4.5,-5.29855996766622));
#4055=CARTESIAN_POINT('',(-13.3914266517746,-5.,-5.29855996766456));
#4056=CARTESIAN_POINT('',(-9.32457682939522,-5.,-5.29855996766622));
#4057=CARTESIAN_POINT('',(-4.66228843049859,-5.,-5.29855996766812));
#4058=CARTESIAN_POINT('',(-13.3914266517746,-4.5,-5.29855996766456));
#4059=CARTESIAN_POINT('',(-13.3914266517746,-4.5,-5.29855996766456));
#4060=CARTESIAN_POINT('',(-9.32457682939522,-4.5,-5.29855996766622));
#4061=CARTESIAN_POINT('',(-10.3412892533902,-4.5,-5.2985599676658));
#4062=CARTESIAN_POINT('',(-9.32457682939522,-4.5,-5.29855996766622));
#4063=CARTESIAN_POINT('Origin',(-9.32457682939522,-4.5,-5.94855996766622));
#4064=CARTESIAN_POINT('',(-8.72713815804567,-5.,-5.69249936160569));
#4065=CARTESIAN_POINT('Origin',(-9.32457682939522,-5.,-5.94855996766622));
#4066=CARTESIAN_POINT('',(-8.72713815804567,-4.5,-5.69249936160569));
#4067=CARTESIAN_POINT('Origin',(-9.32457682939522,-4.5,-5.94855996766622));
#4068=CARTESIAN_POINT('',(-8.72713815804567,-4.5,-5.69249936160569));
#4069=CARTESIAN_POINT('Origin',(-13.3914266517746,-4.5,-5.94855996766456));
#4070=CARTESIAN_POINT('',(-13.9888653231241,-5.,-5.69249936160387));
#4071=CARTESIAN_POINT('Origin',(-13.3914266517746,-5.,-5.94855996766456));
#4072=CARTESIAN_POINT('',(-13.9888653231241,-4.5,-5.69249936160387));
#4073=CARTESIAN_POINT('',(-13.9888653231241,-4.5,-5.69249936160387));
#4074=CARTESIAN_POINT('Origin',(-13.3914266517746,-4.5,-5.94855996766456));
#4075=CARTESIAN_POINT('Origin',(9.32457682939422,-4.5,-4.17344091734758));
#4076=CARTESIAN_POINT('',(13.3914266517736,-5.,-4.1734409173459));
#4077=CARTESIAN_POINT('',(9.32457682939422,-5.,-4.17344091734758));
#4078=CARTESIAN_POINT('',(4.66228839889807,-5.,-4.17344091734949));
#4079=CARTESIAN_POINT('',(13.3914266517736,-4.5,-4.1734409173459));
#4080=CARTESIAN_POINT('',(13.3914266517736,-4.5,-4.1734409173459));
#4081=CARTESIAN_POINT('',(9.32457682939422,-4.5,-4.17344091734758));
#4082=CARTESIAN_POINT('',(10.3412892533894,-4.5,-4.17344091734716));
#4083=CARTESIAN_POINT('',(9.32457682939422,-4.5,-4.17344091734758));
#4084=CARTESIAN_POINT('Origin',(9.32457682939422,-4.5,-3.52344091734757));
#4085=CARTESIAN_POINT('',(8.72713812147615,-5.,-3.77950153531499));
#4086=CARTESIAN_POINT('Origin',(9.32457682939422,-5.,-3.52344091734757));
#4087=CARTESIAN_POINT('',(8.72713812147615,-4.5,-3.77950153531499));
#4088=CARTESIAN_POINT('Origin',(9.32457682939422,-4.5,-3.52344091734757));
#4089=CARTESIAN_POINT('',(8.72713812147615,-4.5,-3.77950153531499));
#4090=CARTESIAN_POINT('Origin',(7.80800174058481,-4.5,-4.17344091734779));
#4091=CARTESIAN_POINT('',(8.4140622834452,-5.,-3.37802244774692));
#4092=CARTESIAN_POINT('Origin',(7.80800174058481,-5.,-4.17344091734779));
#4093=CARTESIAN_POINT('',(8.4140622834452,-4.5,-3.37802244774692));
#4094=CARTESIAN_POINT('Origin',(7.80800167738519,-4.5,-4.17344091734779));
#4095=CARTESIAN_POINT('',(8.41406229919718,-4.5,-3.37802245974898));
#4096=CARTESIAN_POINT('Origin',(14.9080017405848,-4.5,-4.17344091734569));
#4097=CARTESIAN_POINT('',(14.3019410945384,-5.,-3.37802247821204));
#4098=CARTESIAN_POINT('',(13.9888145206645,-5.,-3.77961991595747));
#4099=CARTESIAN_POINT('Origin',(14.9080017405848,-5.,-4.17344091734569));
#4100=CARTESIAN_POINT('',(14.3019410713246,-4.5,-3.37802244774529));
#4101=CARTESIAN_POINT('',(14.3019410719876,-4.5,-3.37802241593984));
#4102=CARTESIAN_POINT('',(13.9888145206645,-4.5,-3.77961991595747));
#4103=CARTESIAN_POINT('Origin',(14.9080016773852,-4.5,-4.17344091734569));
#4104=CARTESIAN_POINT('',(13.9888145206645,-4.5,-3.77961991595747));
#4105=CARTESIAN_POINT('Origin',(13.3914266517736,-4.5,-3.5234409173459));
#4106=CARTESIAN_POINT('Origin',(13.3914266517736,-5.,-3.5234409173459));
#4107=CARTESIAN_POINT('Origin',(13.3914266517736,-4.5,-3.5234409173459));
#4108=CARTESIAN_POINT('Origin',(8.80800167738617,0.,-6.61100044250635));
#4109=CARTESIAN_POINT('',(8.80800244525169,-5.,-7.2610004425059));
#4110=CARTESIAN_POINT('Origin',(8.80800167738617,-5.,-6.61100044250635));
#4111=CARTESIAN_POINT('',(8.8080016773852,-1.5,-7.26100044250635));
#4112=CARTESIAN_POINT('',(8.80800244525169,0.,-7.2610004425059));
#4113=CARTESIAN_POINT('',(8.41406228344639,-1.5,-6.09397843726638));
#4114=CARTESIAN_POINT('Origin',(8.80800167738617,-1.5,-6.61100044250635));
#4115=CARTESIAN_POINT('',(8.41406228344639,0.,-6.09397843726638));
#4116=CARTESIAN_POINT('Origin',(-11.3580016773849,-4.5,-4.73600044250584));
#4117=CARTESIAN_POINT('',(-8.80800167738519,-4.5,-4.17344091734779));
#4118=CARTESIAN_POINT('Origin',(-7.80800174058481,-4.5,-4.17344091734779));
#4119=CARTESIAN_POINT('',(-8.8080016773852,-4.5,-5.29855996766643));
#4120=CARTESIAN_POINT('',(-8.80800174058481,-4.5,-4.1235004425061));
#4121=CARTESIAN_POINT('Origin',(-7.80800174058482,-4.5,-5.29855996766643));
#4122=CARTESIAN_POINT('',(-13.9080016773852,-4.5,-5.29855996766435));
#4123=CARTESIAN_POINT('Origin',(-14.9080017405848,-4.5,-5.29855996766434));
#4124=CARTESIAN_POINT('',(-13.9080016773852,-4.5,-4.17344091734569));
#4125=CARTESIAN_POINT('',(-13.9080017405848,-4.5,-5.34850044250542));
#4126=CARTESIAN_POINT('Origin',(-14.9080017405848,-4.5,-4.17344091734569));
#4127=CARTESIAN_POINT('Origin',(8.8080016773842,0.,-2.86100044250636));
#4128=CARTESIAN_POINT('',(8.4140622834452,-1.5,-3.37802244774693));
#4129=CARTESIAN_POINT('',(8.4140622834452,0.,-3.37802244774693));
#4130=CARTESIAN_POINT('',(8.80800167738519,-1.5,-2.21100044250636));
#4131=CARTESIAN_POINT('Origin',(8.8080016773842,-1.5,-2.86100044250636));
#4132=CARTESIAN_POINT('',(8.80800167738519,-5.,-2.21100044250636));
#4133=CARTESIAN_POINT('',(8.80800167738519,0.,-2.21100044250636));
#4134=CARTESIAN_POINT('Origin',(8.8080016773842,-5.,-2.86100044250636));
#4135=CARTESIAN_POINT('Origin',(11.3580016773849,-4.5,-4.73600044250584));
#4136=CARTESIAN_POINT('',(8.8080016773852,-4.5,-5.29855996766643));
#4137=CARTESIAN_POINT('Origin',(7.8080016773852,-4.5,-5.29855996766643));
#4138=CARTESIAN_POINT('',(8.80800167738519,-4.5,-4.17344091734779));
#4139=CARTESIAN_POINT('',(8.8080016773852,-4.5,-5.3485004425061));
#4140=CARTESIAN_POINT('Origin',(7.80800167738519,-4.5,-4.17344091734779));
#4141=CARTESIAN_POINT('',(13.9080016773852,-4.5,-4.17344091734569));
#4142=CARTESIAN_POINT('Origin',(14.9080016773852,-4.5,-4.17344091734569));
#4143=CARTESIAN_POINT('',(13.9080016773852,-4.5,-5.29855996766435));
#4144=CARTESIAN_POINT('',(13.9080016773852,-4.5,-4.12350044250543));
#4145=CARTESIAN_POINT('Origin',(14.9080016773852,-4.5,-5.29855996766435));
#4146=CARTESIAN_POINT('Origin',(-9.7580017405848,-1.5,-2.21100044250502));
#4147=CARTESIAN_POINT('',(-9.7580017405848,-1.5,-1.09220396312745));
#4148=CARTESIAN_POINT('',(-9.7580017405848,-4.5,-1.09220396312745));
#4149=CARTESIAN_POINT('',(-9.7580017405848,-1.5,-1.09220396312745));
#4150=CARTESIAN_POINT('',(-9.7580017405848,-1.5,-2.21100044250503));
#4151=CARTESIAN_POINT('',(-9.7580017405848,-1.5,0.796092501187135));
#4152=CARTESIAN_POINT('',(-9.7580017405848,-4.5,-2.21100044250503));
#4153=CARTESIAN_POINT('',(-9.7580017405848,-0.75,-2.21100044250502));
#4154=CARTESIAN_POINT('',(-9.7580017405848,-4.5,-1.9128378734157));
#4155=CARTESIAN_POINT('Origin',(-12.9580017405848,-1.5,-1.01835016614774));
#4156=CARTESIAN_POINT('',(-12.9580017405848,-4.5,-1.092203963126));
#4157=CARTESIAN_POINT('',(-12.9580017405848,-1.5,-1.092203963126));
#4158=CARTESIAN_POINT('',(-12.9580017405848,-1.5,-1.092203963126));
#4159=CARTESIAN_POINT('',(-12.9580017405848,-4.5,-2.21100044250502));
#4160=CARTESIAN_POINT('',(-12.9580017405848,-4.5,-1.31651273523708));
#4161=CARTESIAN_POINT('',(-12.9580017405848,-1.5,-2.21100044250502));
#4162=CARTESIAN_POINT('',(-12.9580017405848,-0.75,-2.21100044250502));
#4163=CARTESIAN_POINT('',(-12.9580017405848,-1.5,1.39241763936576));
#4164=CARTESIAN_POINT('Origin',(0.,-4.5,-1.61467530432639));
#4165=CARTESIAN_POINT('',(-12.8497820316301,-4.5,-1.12988453667038));
#4166=CARTESIAN_POINT('Origin',(-13.4461238018565,-4.5,-2.66835016614775));
#4167=CARTESIAN_POINT('',(-12.4160789260108,-4.5,-1.21100044250502));
#4168=CARTESIAN_POINT('Origin',(-12.4160789260108,-4.5,-0.0110004425049903));
#4169=CARTESIAN_POINT('',(-10.2999245551549,-4.5,-1.21100044250503));
#4170=CARTESIAN_POINT('',(-6.20803946300542,-4.5,-1.21100044250505));
#4171=CARTESIAN_POINT('',(-9.86622144953682,-4.5,-1.12988453667085));
#4172=CARTESIAN_POINT('Origin',(-10.2999245551548,-4.5,-0.0110004425050364));
#4173=CARTESIAN_POINT('Origin',(-9.26987967931202,-4.5,-2.66835016614885));
#4174=CARTESIAN_POINT('',(-6.9540008702924,-4.5,-2.21100044250503));
#4175=CARTESIAN_POINT('Origin',(12.9580017405848,-1.5,-2.21100044250502));
#4176=CARTESIAN_POINT('',(12.9580017405848,-1.5,-1.092203963126));
#4177=CARTESIAN_POINT('',(12.9580017405848,-4.5,-1.092203963126));
#4178=CARTESIAN_POINT('',(12.9580017405848,-1.5,-1.092203963126));
#4179=CARTESIAN_POINT('',(12.9580017405848,-1.5,-2.21100044250502));
#4180=CARTESIAN_POINT('',(12.9580017405848,-1.5,0.796092501187123));
#4181=CARTESIAN_POINT('',(12.9580017405848,-4.5,-2.21100044250502));
#4182=CARTESIAN_POINT('',(12.9580017405848,-0.75,-2.21100044250502));
#4183=CARTESIAN_POINT('',(12.9580017405848,-4.5,-1.91283787341572));
#4184=CARTESIAN_POINT('Origin',(9.7580017405848,-1.5,-1.01835016614774));
#4185=CARTESIAN_POINT('',(9.7580017405848,-4.5,-1.09220396312744));
#4186=CARTESIAN_POINT('',(9.7580017405848,-1.5,-1.09220396312744));
#4187=CARTESIAN_POINT('',(9.7580017405848,-1.5,-1.09220396312744));
#4188=CARTESIAN_POINT('',(9.7580017405848,-4.5,-2.21100044250502));
#4189=CARTESIAN_POINT('',(9.7580017405848,-4.5,-1.31651273523707));
#4190=CARTESIAN_POINT('',(9.7580017405848,-1.5,-2.21100044250502));
#4191=CARTESIAN_POINT('',(9.7580017405848,-0.75,-2.21100044250502));
#4192=CARTESIAN_POINT('',(9.7580017405848,-1.5,1.39241763936577));
#4193=CARTESIAN_POINT('Origin',(0.,-4.5,-1.61467530432639));
#4194=CARTESIAN_POINT('',(9.86622144953682,-4.5,-1.12988453667084));
#4195=CARTESIAN_POINT('Origin',(9.26987967931202,-4.5,-2.66835016614885));
#4196=CARTESIAN_POINT('',(10.2999245551549,-4.5,-1.21100044250503));
#4197=CARTESIAN_POINT('Origin',(10.2999245551548,-4.5,-0.0110004425050364));
#4198=CARTESIAN_POINT('',(12.4160789260108,-4.5,-1.21100044250502));
#4199=CARTESIAN_POINT('',(5.14996227757743,-4.5,-1.21100044250506));
#4200=CARTESIAN_POINT('',(12.8497820316301,-4.5,-1.12988453667038));
#4201=CARTESIAN_POINT('Origin',(12.4160789260108,-4.5,-0.0110004425049903));
#4202=CARTESIAN_POINT('Origin',(13.4461238018565,-4.5,-2.66835016614775));
#4203=CARTESIAN_POINT('',(4.4040008386926,-4.5,-2.21100044250504));
#4204=CARTESIAN_POINT('Origin',(-13.9080017405848,0.,-2.21100044250501));
#4205=CARTESIAN_POINT('',(-8.80800174058481,-1.5,-2.21100044250503));
#4206=CARTESIAN_POINT('',(-6.95400088609231,-1.5,-2.21100044250503));
#4207=CARTESIAN_POINT('',(-8.80800174058481,-5.,-2.21100044250502));
#4208=CARTESIAN_POINT('',(-8.80800174058481,0.,-2.21100044250503));
#4209=CARTESIAN_POINT('',(-13.9080017405848,-5.,-2.21100044250501));
#4210=CARTESIAN_POINT('',(-8.80800174058481,-5.,-2.21100044250503));
#4211=CARTESIAN_POINT('',(-13.9080017405848,-1.5,-2.21100044250502));
#4212=CARTESIAN_POINT('',(-13.9080017405848,0.,-2.21100044250501));
#4213=CARTESIAN_POINT('',(-6.95400088609231,-1.5,-2.21100044250503));
#4214=CARTESIAN_POINT('Origin',(-3.15998094357894E-8,-1.5,3.80318544487929));
#4215=CARTESIAN_POINT('',(-14.3019411345242,-1.5,-3.37802244774528));
#4216=CARTESIAN_POINT('Origin',(-13.9080017405848,-1.5,-2.86100044250502));
#4217=CARTESIAN_POINT('',(-13.9080017405848,-1.5,-4.17344091734569));
#4218=CARTESIAN_POINT('Origin',(-14.9080017405848,-1.5,-4.17344091734569));
#4219=CARTESIAN_POINT('',(-13.9080017405848,-1.5,-5.29855996766434));
#4220=CARTESIAN_POINT('',(-13.9080017405848,-1.5,-1.07890749881286));
#4221=CARTESIAN_POINT('',(-14.3019411345242,-1.5,-6.09397843726475));
#4222=CARTESIAN_POINT('Origin',(-14.9080017405848,-1.5,-5.29855996766434));
#4223=CARTESIAN_POINT('',(-13.9080017405848,-1.5,-7.26100044250501));
#4224=CARTESIAN_POINT('Origin',(-13.9080017405848,-1.5,-6.61100044250501));
#4225=CARTESIAN_POINT('',(-12.9854641366371,-1.5,-7.26100044250501));
#4226=CARTESIAN_POINT('',(-6.49273208411844,-1.5,-7.26100044250502));
#4227=CARTESIAN_POINT('',(-12.6365200232611,-1.5,-7.23032469354654));
#4228=CARTESIAN_POINT('Origin',(-12.9854641366371,-1.5,-5.261000442505));
#4229=CARTESIAN_POINT('',(-12.531274094214,-1.5,-7.21167619146349));
#4230=CARTESIAN_POINT('',(-5.51021144893073,-1.5,-5.96761570806694));
#4231=CARTESIAN_POINT('',(-12.1823299808381,-1.5,-7.18100044250502));
#4232=CARTESIAN_POINT('Origin',(-12.1823299808381,-1.5,-9.18100044250479));
#4233=CARTESIAN_POINT('',(-10.533127720286,-1.5,-7.18100044250502));
#4234=CARTESIAN_POINT('',(-5.26656387594293,-1.5,-7.18100044250502));
#4235=CARTESIAN_POINT('',(-10.1858313649522,-1.5,-7.2113849364806));
#4236=CARTESIAN_POINT('Origin',(-10.533127720286,-1.5,-9.18100044250512));
#4237=CARTESIAN_POINT('',(-10.0767668759469,-1.5,-7.23061594852942));
#4238=CARTESIAN_POINT('',(-6.13375488710702,-1.5,-7.92587534741884));
#4239=CARTESIAN_POINT('',(-9.72947052061306,-1.5,-7.261000442505));
#4240=CARTESIAN_POINT('Origin',(-9.72947052061306,-1.5,-5.26100044250527));
#4241=CARTESIAN_POINT('',(-8.80800174058482,-1.5,-7.26100044250635));
#4242=CARTESIAN_POINT('',(-4.40400088609229,-1.5,-7.26100044250497));
#4243=CARTESIAN_POINT('',(-8.41406234664601,-1.5,-6.09397843726638));
#4244=CARTESIAN_POINT('Origin',(-8.80800174058579,-1.5,-6.61100044250635));
#4245=CARTESIAN_POINT('',(-8.80800174058482,-1.5,-5.29855996766643));
#4246=CARTESIAN_POINT('Origin',(-7.80800174058482,-1.5,-5.29855996766643));
#4247=CARTESIAN_POINT('',(-8.80800174058481,-1.5,-4.17344091734779));
#4248=CARTESIAN_POINT('',(-8.80800174058481,-1.5,0.146092501186473));
#4249=CARTESIAN_POINT('',(-8.41406234664482,-1.5,-3.37802244774693));
#4250=CARTESIAN_POINT('Origin',(-7.80800174058481,-1.5,-4.17344091734779));
#4251=CARTESIAN_POINT('Origin',(-8.80800174058382,-1.5,-2.86100044250636));
#4252=CARTESIAN_POINT('',(-9.26987967931202,-1.5,-1.01835016614739));
#4253=CARTESIAN_POINT('Origin',(-9.26987967931202,-1.5,-2.66835016614885));
#4254=CARTESIAN_POINT('',(-7.92247260691174,-1.5,-1.01835016614727));
#4255=CARTESIAN_POINT('',(-4.63493985545571,-1.5,-1.01835016614699));
#4256=CARTESIAN_POINT('',(-5.92247260691192,-1.5,0.9816498338529));
#4257=CARTESIAN_POINT('Origin',(-7.92247260691191,-1.5,0.981649833852723));
#4258=CARTESIAN_POINT('',(-5.92247260691124,-1.5,-6.86100044250432));
#4259=CARTESIAN_POINT('',(-5.9224726069117,-1.5,-1.52890749881277));
#4260=CARTESIAN_POINT('',(-7.92247260691106,-1.5,-8.86100044250449));
#4261=CARTESIAN_POINT('Origin',(-7.92247260691123,-1.5,-6.86100044250449));
#4262=CARTESIAN_POINT('',(-8.80800174058483,-1.5,-8.86100044250457));
#4263=CARTESIAN_POINT('',(-4.40400088609177,-1.5,-8.86100044250419));
#4264=CARTESIAN_POINT('',(-8.80800174058482,-1.5,-7.66100044250499));
#4265=CARTESIAN_POINT('Origin',(-8.80800174058482,-1.5,-8.26100044250478));
#4266=CARTESIAN_POINT('',(-9.72947052061306,-1.5,-7.661000442505));
#4267=CARTESIAN_POINT('',(-4.8647352761064,-1.5,-7.66100044250497));
#4268=CARTESIAN_POINT('',(-10.1462261470136,-1.5,-7.6245390497343));
#4269=CARTESIAN_POINT('Origin',(-9.72947052061306,-1.5,-5.26100044250527));
#4270=CARTESIAN_POINT('',(-10.2552906360189,-1.5,-7.60530803768549));
#4271=CARTESIAN_POINT('',(-6.25774640267647,-1.5,-8.31018294259933));
#4272=CARTESIAN_POINT('',(-10.533127720286,-1.5,-7.58100044250502));
#4273=CARTESIAN_POINT('Origin',(-10.533127720286,-1.5,-9.18100044250512));
#4274=CARTESIAN_POINT('',(-12.1823299808381,-1.5,-7.58100044250502));
#4275=CARTESIAN_POINT('',(-6.09116500621897,-1.5,-7.58100044250502));
#4276=CARTESIAN_POINT('',(-12.4614852715389,-1.5,-7.60554104167179));
#4277=CARTESIAN_POINT('Origin',(-12.1823299808381,-1.5,-9.18100044250479));
#4278=CARTESIAN_POINT('',(-12.5667312005859,-1.5,-7.62418954375484));
#4279=CARTESIAN_POINT('',(-5.49304559077907,-1.5,-6.37080480931677));
#4280=CARTESIAN_POINT('',(-12.9854641366371,-1.5,-7.66100044250501));
#4281=CARTESIAN_POINT('Origin',(-12.9854641366371,-1.5,-5.261000442505));
#4282=CARTESIAN_POINT('',(-13.9080017405848,-1.5,-7.66100044250502));
#4283=CARTESIAN_POINT('',(-6.95400088609231,-1.5,-7.66100044250502));
#4284=CARTESIAN_POINT('',(-13.9080017405848,-1.5,-8.86100044250501));
#4285=CARTESIAN_POINT('Origin',(-13.9080017405848,-1.5,-8.26100044250501));
#4286=CARTESIAN_POINT('',(-14.190548671995,-1.5,-8.86100044250503));
#4287=CARTESIAN_POINT('',(-7.54540709745602,-1.5,-8.86100044250446));
#4288=CARTESIAN_POINT('',(-14.6079177496536,-1.5,-9.63632398493164));
#4289=CARTESIAN_POINT('Origin',(-14.190548671995,-1.5,-9.36100044250502));
#4290=CARTESIAN_POINT('',(-17.1649876210256,-1.5,-3.40781470371537));
#4291=CARTESIAN_POINT('Origin',(-3.15998094357894E-8,-1.5,-4.44089209850063E-15));
#4292=CARTESIAN_POINT('',(-15.2032747536628,-1.5,-1.0183501661479));
#4293=CARTESIAN_POINT('Origin',(-15.2032747536627,-1.5,-3.0183501661479));
#4294=CARTESIAN_POINT('',(-13.4461238239078,-1.5,-1.01835016614775));
#4295=CARTESIAN_POINT('',(-8.73517265352165,-1.5,-1.01835016614734));
#4296=CARTESIAN_POINT('Origin',(-13.4461238018565,-1.5,-2.66835016614775));
#4297=CARTESIAN_POINT('Origin',(-9.26987967931202,-1.5,-2.66835016614885));
#4298=CARTESIAN_POINT('',(-9.86622144953682,-5.,-1.12988453667085));
#4299=CARTESIAN_POINT('',(-9.86622144953682,-1.5,-1.12988453667085));
#4300=CARTESIAN_POINT('',(-9.26987967931202,-5.,-1.01835016614739));
#4301=CARTESIAN_POINT('Origin',(-9.26987967931202,-5.,-2.66835016614885));
#4302=CARTESIAN_POINT('',(-9.26987967931202,-1.5,-1.01835016614739));
#4303=CARTESIAN_POINT('Origin',(8.80800167738519,0.,-2.21100044250503));
#4304=CARTESIAN_POINT('',(13.9080016773852,-1.5,-2.21100044250502));
#4305=CARTESIAN_POINT('',(4.4040008228927,-1.5,-2.21100044250504));
#4306=CARTESIAN_POINT('',(13.9080016773852,-5.,-2.21100044250502));
#4307=CARTESIAN_POINT('',(13.9080016773852,0.,-2.21100044250502));
#4308=CARTESIAN_POINT('',(8.80800167738519,-5.,-2.21100044250503));
#4309=CARTESIAN_POINT('',(4.4040008228927,-1.5,-2.21100044250504));
#4310=CARTESIAN_POINT('Origin',(-3.15998094357894E-8,-1.5,3.80318544487929));
#4311=CARTESIAN_POINT('',(8.80800167738519,-1.5,-4.17344091734779));
#4312=CARTESIAN_POINT('Origin',(7.80800167738519,-1.5,-4.17344091734779));
#4313=CARTESIAN_POINT('',(8.8080016773852,-1.5,-5.29855996766643));
#4314=CARTESIAN_POINT('',(8.80800167738519,-1.5,-1.07890749881352));
#4315=CARTESIAN_POINT('Origin',(7.8080016773852,-1.5,-5.29855996766643));
#4316=CARTESIAN_POINT('',(9.72947045741344,-1.5,-7.261000442505));
#4317=CARTESIAN_POINT('',(4.86473521290679,-1.5,-7.26100044250497));
#4318=CARTESIAN_POINT('',(10.0767668127473,-1.5,-7.23061594852942));
#4319=CARTESIAN_POINT('Origin',(9.72947045741344,-1.5,-5.26100044250527));
#4320=CARTESIAN_POINT('',(10.1858313017526,-1.5,-7.2113849364806));
#4321=CARTESIAN_POINT('',(6.18828706841005,-1.5,-7.91625984139443));
#4322=CARTESIAN_POINT('',(10.5331276570864,-1.5,-7.18100044250502));
#4323=CARTESIAN_POINT('Origin',(10.5331276570864,-1.5,-9.18100044250512));
#4324=CARTESIAN_POINT('',(12.1823299176385,-1.5,-7.18100044250502));
#4325=CARTESIAN_POINT('',(6.09116494301935,-1.5,-7.18100044250502));
#4326=CARTESIAN_POINT('',(12.5312740310144,-1.5,-7.21167619146349));
#4327=CARTESIAN_POINT('Origin',(12.1823299176385,-1.5,-9.18100044250479));
#4328=CARTESIAN_POINT('',(12.6365199600615,-1.5,-7.23032469354654));
#4329=CARTESIAN_POINT('',(5.56283435025464,-1.5,-5.97693995910847));
#4330=CARTESIAN_POINT('',(12.9854640734374,-1.5,-7.26100044250501));
#4331=CARTESIAN_POINT('Origin',(12.9854640734374,-1.5,-5.261000442505));
#4332=CARTESIAN_POINT('',(13.9080016773852,-1.5,-7.26100044250501));
#4333=CARTESIAN_POINT('',(6.95400082289269,-1.5,-7.26100044250502));
#4334=CARTESIAN_POINT('',(14.3019410713246,-1.5,-6.09397843726475));
#4335=CARTESIAN_POINT('Origin',(13.9080016773852,-1.5,-6.61100044250501));
#4336=CARTESIAN_POINT('',(13.9080016773852,-1.5,-5.29855996766435));
#4337=CARTESIAN_POINT('Origin',(14.9080016773852,-1.5,-5.29855996766435));
#4338=CARTESIAN_POINT('',(13.9080016773852,-1.5,-4.17344091734569));
#4339=CARTESIAN_POINT('',(13.9080016773852,-1.5,0.146092501187137));
#4340=CARTESIAN_POINT('',(14.3019410713246,-1.5,-3.37802244774528));
#4341=CARTESIAN_POINT('Origin',(14.9080016773852,-1.5,-4.17344091734569));
#4342=CARTESIAN_POINT('Origin',(13.9080016773852,-1.5,-2.86100044250502));
#4343=CARTESIAN_POINT('',(13.4461237844055,-1.5,-1.01835016614775));
#4344=CARTESIAN_POINT('Origin',(13.4461238018565,-1.5,-2.66835016614775));
#4345=CARTESIAN_POINT('',(15.2032746904632,-1.5,-1.0183501661479));
#4346=CARTESIAN_POINT('',(6.72306187640263,-1.5,-1.01835016614717));
#4347=CARTESIAN_POINT('',(17.164987557826,-1.5,-3.40781470371537));
#4348=CARTESIAN_POINT('Origin',(15.203274690463,-1.5,-3.0183501661479));
#4349=CARTESIAN_POINT('',(14.607917686454,-1.5,-9.63632398493164));
#4350=CARTESIAN_POINT('Origin',(-3.15998094357894E-8,-1.5,-4.44089209850063E-15));
#4351=CARTESIAN_POINT('',(14.1905486087954,-1.5,-8.86100044250503));
#4352=CARTESIAN_POINT('Origin',(14.1905486087953,-1.5,-9.36100044250502));
#4353=CARTESIAN_POINT('',(13.9080016773852,-1.5,-8.86100044250501));
#4354=CARTESIAN_POINT('',(6.95400082289213,-1.5,-8.86100044250441));
#4355=CARTESIAN_POINT('',(13.9080016773852,-1.5,-7.66100044250501));
#4356=CARTESIAN_POINT('Origin',(13.9080016773852,-1.5,-8.26100044250501));
#4357=CARTESIAN_POINT('',(12.9854640734374,-1.5,-7.66100044250501));
#4358=CARTESIAN_POINT('',(6.49273202091883,-1.5,-7.66100044250502));
#4359=CARTESIAN_POINT('',(12.5667311373863,-1.5,-7.62418954375484));
#4360=CARTESIAN_POINT('Origin',(12.9854640734374,-1.5,-5.261000442505));
#4361=CARTESIAN_POINT('',(12.4614852083392,-1.5,-7.6055410416718));
#4362=CARTESIAN_POINT('',(5.44042256305592,-1.5,-6.36148055827524));
#4363=CARTESIAN_POINT('',(12.1823299176385,-1.5,-7.58100044250502));
#4364=CARTESIAN_POINT('Origin',(12.1823299176385,-1.5,-9.18100044250479));
#4365=CARTESIAN_POINT('',(10.5331276570864,-1.5,-7.58100044250502));
#4366=CARTESIAN_POINT('',(5.26656381274331,-1.5,-7.58100044250502));
#4367=CARTESIAN_POINT('',(10.2552905728193,-1.5,-7.60530803768549));
#4368=CARTESIAN_POINT('Origin',(10.5331276570864,-1.5,-9.18100044250512));
#4369=CARTESIAN_POINT('',(10.146226083814,-1.5,-7.6245390497343));
#4370=CARTESIAN_POINT('',(6.2032140949742,-1.5,-8.31979844862374));
#4371=CARTESIAN_POINT('',(9.72947045741344,-1.5,-7.661000442505));
#4372=CARTESIAN_POINT('Origin',(9.72947045741344,-1.5,-5.26100044250527));
#4373=CARTESIAN_POINT('',(8.8080016773852,-1.5,-7.66100044250477));
#4374=CARTESIAN_POINT('',(4.40400082289266,-1.5,-7.66100044250497));
#4375=CARTESIAN_POINT('',(8.8080016773852,-1.5,-8.86100044250457));
#4376=CARTESIAN_POINT('Origin',(8.8080016773852,-1.5,-8.26100044250477));
#4377=CARTESIAN_POINT('',(7.92247254371144,-1.5,-8.86100044250449));
#4378=CARTESIAN_POINT('',(3.96123625605527,-1.5,-8.86100044250415));
#4379=CARTESIAN_POINT('',(5.92247254371162,-1.5,-6.86100044250432));
#4380=CARTESIAN_POINT('Origin',(7.92247254371161,-1.5,-6.86100044250449));
#4381=CARTESIAN_POINT('',(5.92247260691192,-1.5,0.9816498338529));
#4382=CARTESIAN_POINT('',(5.92247254371309,-1.5,10.1352783885712));
#4383=CARTESIAN_POINT('',(7.92247260691174,-1.5,-1.01835016614727));
#4384=CARTESIAN_POINT('Origin',(7.92247260691191,-1.5,0.981649833852723));
#4385=CARTESIAN_POINT('',(9.26987967931202,-1.5,-1.01835016614739));
#4386=CARTESIAN_POINT('',(3.96123628765576,-1.5,-1.01835016614693));
#4387=CARTESIAN_POINT('Origin',(9.26987967931202,-1.5,-2.66835016614885));
#4388=CARTESIAN_POINT('Origin',(13.4461238018565,-1.5,-2.66835016614775));
#4389=CARTESIAN_POINT('',(12.8497820316301,-5.,-1.12988453667038));
#4390=CARTESIAN_POINT('',(12.8497820316301,-1.5,-1.12988453667038));
#4391=CARTESIAN_POINT('',(13.4461237844055,-5.,-1.01835016614775));
#4392=CARTESIAN_POINT('Origin',(13.4461238018565,-5.,-2.66835016614775));
#4393=CARTESIAN_POINT('',(13.4461237844055,-1.5,-1.01835016614775));
#4394=CARTESIAN_POINT('Origin',(7.92247256226684,-1.5,11.9212069010074));
#4395=CARTESIAN_POINT('',(5.92247254371324,-1.5,11.9212068928453));
#4396=CARTESIAN_POINT('',(7.9224725541047,-1.5,13.9212069010074));
#4397=CARTESIAN_POINT('Origin',(7.92247256226684,-1.5,11.9212069010074));
#4398=CARTESIAN_POINT('',(7.9224725541047,-5.,13.9212069010074));
#4399=CARTESIAN_POINT('',(7.9224725541047,-1.5,13.9212069010074));
#4400=CARTESIAN_POINT('',(5.92247256226683,-5.,11.9212068928453));
#4401=CARTESIAN_POINT('Origin',(7.92247256226684,-5.,11.9212069010074));
#4402=CARTESIAN_POINT('',(5.92247256226683,-1.5,11.9212068928453));
#4403=CARTESIAN_POINT('Origin',(10.6042443127475,-1.5,13.9212069119519));
#4404=CARTESIAN_POINT('',(9.00159935006845,-1.5,13.9212069054114));
#4405=CARTESIAN_POINT('',(5.30212211992768,-1.5,13.9212068903136));
#4406=CARTESIAN_POINT('',(9.00159935006845,-5.,13.9212069054114));
#4407=CARTESIAN_POINT('',(9.00159935006845,0.,13.9212069054114));
#4408=CARTESIAN_POINT('',(5.30212211216715,-5.,13.9212068903136));
#4409=CARTESIAN_POINT('Origin',(15.203274690463,0.,-3.0183501661479));
#4410=CARTESIAN_POINT('',(15.2032746904632,-5.,-1.0183501661479));
#4411=CARTESIAN_POINT('',(17.164987557826,-5.,-3.40781470371537));
#4412=CARTESIAN_POINT('Origin',(15.203274690463,-5.,-3.0183501661479));
#4413=CARTESIAN_POINT('',(17.164987557826,0.,-3.40781470371537));
#4414=CARTESIAN_POINT('',(15.2032746904632,0.,-1.0183501661479));
#4415=CARTESIAN_POINT('Origin',(-3.15998094357894E-8,0.,-4.44089209850063E-15));
#4416=CARTESIAN_POINT('',(-17.1649876210256,-5.,-3.40781470371537));
#4417=CARTESIAN_POINT('Origin',(-3.15998094357894E-8,-5.,-4.44089209850063E-15));
#4418=CARTESIAN_POINT('',(-17.1649876210256,0.,-3.40781470371537));
#4419=CARTESIAN_POINT('',(-14.6079177496536,0.,-9.63632398493164));
#4420=CARTESIAN_POINT('',(-14.6079177496536,0.,-9.63632398493164));
#4421=CARTESIAN_POINT('',(14.607917686454,0.,-9.63632398493164));
#4422=CARTESIAN_POINT('Origin',(-3.15998094357894E-8,0.,-4.44089209850063E-15));
#4423=CARTESIAN_POINT('',(14.607917686454,0.,-9.63632398493164));
#4424=CARTESIAN_POINT('Origin',(-3.15998094357894E-8,-5.,-4.44089209850063E-15));
#4425=CARTESIAN_POINT('',(6.7230618764028,-5.,-1.01835016614717));
#4426=CARTESIAN_POINT('',(12.4160789260108,-5.,-1.21100044250502));
#4427=CARTESIAN_POINT('Origin',(12.4160789260108,-5.,-0.0110004425049903));
#4428=CARTESIAN_POINT('',(10.2999245551549,-5.,-1.21100044250503));
#4429=CARTESIAN_POINT('',(5.14996226177753,-5.,-1.21100044250506));
#4430=CARTESIAN_POINT('',(9.86622144953682,-5.,-1.12988453667084));
#4431=CARTESIAN_POINT('Origin',(10.2999245551548,-5.,-0.0110004425050364));
#4432=CARTESIAN_POINT('',(9.26987967931202,-5.,-1.01835016614739));
#4433=CARTESIAN_POINT('Origin',(9.26987967931202,-5.,-2.66835016614885));
#4434=CARTESIAN_POINT('',(7.92247260691174,-5.,-1.01835016614727));
#4435=CARTESIAN_POINT('',(3.96123628765592,-5.,-1.01835016614693));
#4436=CARTESIAN_POINT('',(5.92247260691192,-5.,0.9816498338529));
#4437=CARTESIAN_POINT('Origin',(7.92247260691191,-5.,0.981649833852723));
#4438=CARTESIAN_POINT('',(5.9224725825114,-5.,6.96060345850765));
#4439=CARTESIAN_POINT('',(9.26635227095814,-5.,14.8453600496882));
#4440=CARTESIAN_POINT('Origin',(9.00159934802791,-5.,14.4212069054114));
#4441=CARTESIAN_POINT('',(-9.26635245532762,-5.,14.845359974055));
#4442=CARTESIAN_POINT('Origin',(-3.15998094357894E-8,-5.,-4.44089209850063E-15));
#4443=CARTESIAN_POINT('',(-9.00159952689487,-5.,13.9212068319391));
#4444=CARTESIAN_POINT('Origin',(-9.0015995289354,-5.,14.4212068319391));
#4445=CARTESIAN_POINT('',(-7.922472615075,-5.,13.9212068363431));
#4446=CARTESIAN_POINT('',(-2.96123634766312,-5.,13.9212068565903));
#4447=CARTESIAN_POINT('',(-5.92247260691287,-5.,11.9212068363433));
#4448=CARTESIAN_POINT('Origin',(-7.92247260691286,-5.,11.9212068363431));
#4449=CARTESIAN_POINT('',(-5.92247260691192,-5.,0.9816498338529));
#4450=CARTESIAN_POINT('',(-5.92247260691187,-5.,0.490824916926191));
#4451=CARTESIAN_POINT('',(-7.92247260691174,-5.,-1.01835016614727));
#4452=CARTESIAN_POINT('Origin',(-7.92247260691191,-5.,0.981649833852723));
#4453=CARTESIAN_POINT('',(-4.63493985545587,-5.,-1.01835016614699));
#4454=CARTESIAN_POINT('',(-10.2999245551549,-5.,-1.21100044250503));
#4455=CARTESIAN_POINT('Origin',(-10.2999245551548,-5.,-0.0110004425050364));
#4456=CARTESIAN_POINT('',(-12.4160789260108,-5.,-1.21100044250502));
#4457=CARTESIAN_POINT('',(-6.20803947880533,-5.,-1.21100044250505));
#4458=CARTESIAN_POINT('',(-12.8497820316301,-5.,-1.12988453667038));
#4459=CARTESIAN_POINT('Origin',(-12.4160789260108,-5.,-0.0110004425049903));
#4460=CARTESIAN_POINT('',(-13.4461238239078,-5.,-1.01835016614775));
#4461=CARTESIAN_POINT('Origin',(-13.4461238018565,-5.,-2.66835016614775));
#4462=CARTESIAN_POINT('',(-15.2032747536628,-5.,-1.0183501661479));
#4463=CARTESIAN_POINT('',(-8.73517265352181,-5.,-1.01835016614734));
#4464=CARTESIAN_POINT('Origin',(-15.2032747536627,-5.,-3.0183501661479));
#4465=CARTESIAN_POINT('',(-14.3019411345242,-5.,-3.37802244774529));
#4466=CARTESIAN_POINT('Origin',(-14.9080017405848,-5.,-4.17344091734569));
#4467=CARTESIAN_POINT('Origin',(-13.9080017405848,-5.,-2.86100044250502));
#4468=CARTESIAN_POINT('',(-8.41406234664482,-5.,-3.37802244774693));
#4469=CARTESIAN_POINT('Origin',(-8.80800174058382,-5.,-2.86100044250636));
#4470=CARTESIAN_POINT('Origin',(-7.80800174058481,-5.,-4.17344091734779));
#4471=CARTESIAN_POINT('',(13.9080016773852,-5.,-7.26100044250501));
#4472=CARTESIAN_POINT('Origin',(13.9080016773852,-5.,-6.61100044250501));
#4473=CARTESIAN_POINT('',(12.9854640734374,-5.,-7.26100044250501));
#4474=CARTESIAN_POINT('',(13.9080016773852,-5.,-7.26100044250501));
#4475=CARTESIAN_POINT('',(12.6365199600615,-5.,-7.23032469354654));
#4476=CARTESIAN_POINT('Origin',(12.9854640734374,-5.,-5.261000442505));
#4477=CARTESIAN_POINT('',(12.5312740310144,-5.,-7.21167619146349));
#4478=CARTESIAN_POINT('',(12.6365199600615,-5.,-7.23032469354654));
#4479=CARTESIAN_POINT('',(12.1823299176385,-5.,-7.18100044250502));
#4480=CARTESIAN_POINT('Origin',(12.1823299176385,-5.,-9.18100044250479));
#4481=CARTESIAN_POINT('',(10.5331276570864,-5.,-7.18100044250502));
#4482=CARTESIAN_POINT('',(12.1823299176385,-5.,-7.18100044250502));
#4483=CARTESIAN_POINT('',(10.1858313017526,-5.,-7.2113849364806));
#4484=CARTESIAN_POINT('Origin',(10.5331276570864,-5.,-9.18100044250512));
#4485=CARTESIAN_POINT('',(10.0767668127473,-5.,-7.23061594852942));
#4486=CARTESIAN_POINT('',(10.1858313017526,-5.,-7.2113849364806));
#4487=CARTESIAN_POINT('',(9.72947045741344,-5.,-7.261000442505));
#4488=CARTESIAN_POINT('Origin',(9.72947045741344,-5.,-5.26100044250527));
#4489=CARTESIAN_POINT('',(9.72947045741344,-5.,-7.261000442505));
#4490=CARTESIAN_POINT('',(-8.41406234664601,-5.,-6.09397843726638));
#4491=CARTESIAN_POINT('Origin',(-7.80800174058482,-5.,-5.29855996766643));
#4492=CARTESIAN_POINT('',(-8.80800174058482,-5.,-7.26100044250635));
#4493=CARTESIAN_POINT('Origin',(-8.80800174058579,-5.,-6.61100044250635));
#4494=CARTESIAN_POINT('',(-9.72947052061306,-5.,-7.261000442505));
#4495=CARTESIAN_POINT('',(-9.72947052061306,-5.,-7.261000442505));
#4496=CARTESIAN_POINT('',(-10.0767668759469,-5.,-7.23061594852942));
#4497=CARTESIAN_POINT('Origin',(-9.72947052061306,-5.,-5.26100044250527));
#4498=CARTESIAN_POINT('',(-10.1858313649522,-5.,-7.2113849364806));
#4499=CARTESIAN_POINT('',(-10.1858313649522,-5.,-7.2113849364806));
#4500=CARTESIAN_POINT('',(-10.533127720286,-5.,-7.18100044250502));
#4501=CARTESIAN_POINT('Origin',(-10.533127720286,-5.,-9.18100044250512));
#4502=CARTESIAN_POINT('',(-12.1823299808381,-5.,-7.18100044250502));
#4503=CARTESIAN_POINT('',(-12.1823299808381,-5.,-7.18100044250502));
#4504=CARTESIAN_POINT('',(-12.531274094214,-5.,-7.21167619146349));
#4505=CARTESIAN_POINT('Origin',(-12.1823299808381,-5.,-9.18100044250479));
#4506=CARTESIAN_POINT('',(-12.6365200232611,-5.,-7.23032469354654));
#4507=CARTESIAN_POINT('',(-12.6365200232611,-5.,-7.23032469354654));
#4508=CARTESIAN_POINT('',(-12.9854641366371,-5.,-7.26100044250501));
#4509=CARTESIAN_POINT('Origin',(-12.9854641366371,-5.,-5.261000442505));
#4510=CARTESIAN_POINT('',(-13.9080017405848,-5.,-7.26100044250501));
#4511=CARTESIAN_POINT('',(-13.9080017405848,-5.,-7.26100044250501));
#4512=CARTESIAN_POINT('',(-14.3019411345242,-5.,-6.09397843726475));
#4513=CARTESIAN_POINT('Origin',(-13.9080017405848,-5.,-6.61100044250501));
#4514=CARTESIAN_POINT('Origin',(-14.9080017405848,-5.,-5.29855996766434));
#4515=CARTESIAN_POINT('Origin',(13.9080016773852,-5.,-2.86100044250502));
#4516=CARTESIAN_POINT('',(6.05505529012931,-5.,-11.8359595438539));
#4517=CARTESIAN_POINT('Origin',(8.65505529012931,-5.,-11.8359595438539));
#4518=CARTESIAN_POINT('',(-11.2550553533289,-5.,-11.8359595438539));
#4519=CARTESIAN_POINT('Origin',(-8.65505535332893,-5.,-11.8359595438539));
#4520=CARTESIAN_POINT('',(-2.65085754238459,-5.,7.96985154856247));
#4521=CARTESIAN_POINT('Origin',(-0.0508575423845903,-5.,7.96985154856247));
#4522=CARTESIAN_POINT('',(-1.05299990952979,-5.,11.966000080109));
#4523=CARTESIAN_POINT('Origin',(-0.0279999095297945,-5.,11.966000080109));
#4524=CARTESIAN_POINT('',(-0.997000153669824,-5.,-11.965999603271));
#4525=CARTESIAN_POINT('Origin',(0.0279998463301756,-5.,-11.965999603271));
#4526=CARTESIAN_POINT('',(10.2552905728193,-5.,-7.60530803768549));
#4527=CARTESIAN_POINT('',(10.5331276570864,-5.,-7.58100044250502));
#4528=CARTESIAN_POINT('Origin',(10.5331276570864,-5.,-9.18100044250512));
#4529=CARTESIAN_POINT('',(12.1823299176385,-5.,-7.58100044250502));
#4530=CARTESIAN_POINT('',(12.1823299176385,-5.,-7.58100044250502));
#4531=CARTESIAN_POINT('',(12.4614852083392,-5.,-7.6055410416718));
#4532=CARTESIAN_POINT('Origin',(12.1823299176385,-5.,-9.18100044250479));
#4533=CARTESIAN_POINT('',(12.5667311373863,-5.,-7.62418954375484));
#4534=CARTESIAN_POINT('',(12.5667311373863,-5.,-7.62418954375484));
#4535=CARTESIAN_POINT('',(12.9854640734374,-5.,-7.66100044250501));
#4536=CARTESIAN_POINT('Origin',(12.9854640734374,-5.,-5.261000442505));
#4537=CARTESIAN_POINT('',(13.9080016773852,-5.,-7.66100044250501));
#4538=CARTESIAN_POINT('',(13.9080016773852,-5.,-7.66100044250501));
#4539=CARTESIAN_POINT('',(13.9080016773852,-5.,-8.861000442505));
#4540=CARTESIAN_POINT('Origin',(13.9080016773852,-5.,-8.26100044250501));
#4541=CARTESIAN_POINT('',(8.8080016773852,-5.,-8.86100044250477));
#4542=CARTESIAN_POINT('',(13.9080016773852,-5.,-8.86100044250501));
#4543=CARTESIAN_POINT('',(8.8080016773852,-5.,-7.66100044250499));
#4544=CARTESIAN_POINT('Origin',(8.8080016773852,-5.,-8.26100044250477));
#4545=CARTESIAN_POINT('',(9.72947045741344,-5.,-7.661000442505));
#4546=CARTESIAN_POINT('',(9.72947045741344,-5.,-7.661000442505));
#4547=CARTESIAN_POINT('',(10.146226083814,-5.,-7.6245390497343));
#4548=CARTESIAN_POINT('Origin',(9.72947045741344,-5.,-5.26100044250527));
#4549=CARTESIAN_POINT('',(10.2552905728193,-5.,-7.60530803768549));
#4550=CARTESIAN_POINT('',(-8.80800174058482,-5.,-7.66100044250499));
#4551=CARTESIAN_POINT('',(-8.80800174058483,-5.,-8.86100044250457));
#4552=CARTESIAN_POINT('Origin',(-8.80800174058482,-5.,-8.26100044250478));
#4553=CARTESIAN_POINT('',(-13.9080017405848,-5.,-8.86100044250501));
#4554=CARTESIAN_POINT('',(-13.9080017405848,-5.,-8.86100044250501));
#4555=CARTESIAN_POINT('',(-13.9080017405848,-5.,-7.66100044250502));
#4556=CARTESIAN_POINT('Origin',(-13.9080017405848,-5.,-8.26100044250501));
#4557=CARTESIAN_POINT('',(-12.9854641366371,-5.,-7.66100044250501));
#4558=CARTESIAN_POINT('',(-13.9080017405848,-5.,-7.66100044250501));
#4559=CARTESIAN_POINT('',(-12.5667312005859,-5.,-7.62418954375484));
#4560=CARTESIAN_POINT('Origin',(-12.9854641366371,-5.,-5.261000442505));
#4561=CARTESIAN_POINT('',(-12.4614852715389,-5.,-7.60554104167179));
#4562=CARTESIAN_POINT('',(-12.5667312005859,-5.,-7.62418954375484));
#4563=CARTESIAN_POINT('',(-12.1823299808381,-5.,-7.58100044250502));
#4564=CARTESIAN_POINT('Origin',(-12.1823299808381,-5.,-9.18100044250479));
#4565=CARTESIAN_POINT('',(-10.533127720286,-5.,-7.58100044250502));
#4566=CARTESIAN_POINT('',(-12.1823299808381,-5.,-7.58100044250502));
#4567=CARTESIAN_POINT('',(-10.2552906360189,-5.,-7.60530803768549));
#4568=CARTESIAN_POINT('Origin',(-10.533127720286,-5.,-9.18100044250512));
#4569=CARTESIAN_POINT('',(-10.1462261470136,-5.,-7.6245390497343));
#4570=CARTESIAN_POINT('',(-10.2552906360189,-5.,-7.60530803768549));
#4571=CARTESIAN_POINT('',(-9.72947052061306,-5.,-7.661000442505));
#4572=CARTESIAN_POINT('Origin',(-9.72947052061306,-5.,-5.26100044250527));
#4573=CARTESIAN_POINT('',(-9.72947052061306,-5.,-7.661000442505));
#4574=CARTESIAN_POINT('Origin',(3.92247254371351,0.,14.9954729467234));
#4575=CARTESIAN_POINT('',(5.92247254371351,0.,14.9954729467233));
#4576=CARTESIAN_POINT('',(4.42859803730233,0.,16.9303726817845));
#4577=CARTESIAN_POINT('Origin',(3.92247254371351,0.,14.9954729467234));
#4578=CARTESIAN_POINT('',(4.42859803730233,-1.5,16.9303726817845));
#4579=CARTESIAN_POINT('',(4.42859803730233,0.,16.9303726817845));
#4580=CARTESIAN_POINT('',(5.92247254371351,-1.5,14.9954729467233));
#4581=CARTESIAN_POINT('Origin',(3.92247254371351,-1.5,14.9954729467234));
#4582=CARTESIAN_POINT('',(5.92247254371351,0.,14.9954729467233));
#4583=CARTESIAN_POINT('Origin',(-3.15998094357894E-8,0.,-4.44089209850063E-15));
#4584=CARTESIAN_POINT('',(9.26635227095814,-1.5,14.8453600496882));
#4585=CARTESIAN_POINT('Origin',(-3.15998094357894E-8,-1.5,-4.44089209850063E-15));
#4586=CARTESIAN_POINT('',(-4.42859810050194,0.,16.9303726817845));
#4587=CARTESIAN_POINT('Origin',(-3.15998094357894E-8,0.,-4.44089209850063E-15));
#4588=CARTESIAN_POINT('',(-4.42859810050194,-1.5,16.9303726817845));
#4589=CARTESIAN_POINT('',(-4.42859810050194,0.,16.9303726817845));
#4590=CARTESIAN_POINT('',(-9.26635245532762,-1.5,14.845359974055));
#4591=CARTESIAN_POINT('Origin',(-3.15998094357894E-8,-1.5,-4.44089209850063E-15));
#4592=CARTESIAN_POINT('',(-9.26635245532762,0.,14.845359974055));
#4593=CARTESIAN_POINT('',(9.26635227095814,0.,14.8453600496882));
#4594=CARTESIAN_POINT('Origin',(-3.15998094357894E-8,0.,-4.44089209850063E-15));
#4595=CARTESIAN_POINT('',(5.92247254371162,0.,-6.86100044250432));
#4596=CARTESIAN_POINT('',(5.92247254371292,0.,8.23368566613159));
#4597=CARTESIAN_POINT('',(7.92247254371144,0.,-8.86100044250449));
#4598=CARTESIAN_POINT('Origin',(7.92247254371161,0.,-6.86100044250449));
#4599=CARTESIAN_POINT('',(14.1905486087954,0.,-8.86100044250503));
#4600=CARTESIAN_POINT('',(3.96123625605543,0.,-8.86100044250415));
#4601=CARTESIAN_POINT('Origin',(14.1905486087953,0.,-9.36100044250502));
#4602=CARTESIAN_POINT('',(-14.190548671995,0.,-8.86100044250503));
#4603=CARTESIAN_POINT('Origin',(-14.190548671995,0.,-9.36100044250502));
#4604=CARTESIAN_POINT('',(-7.92247260691106,0.,-8.86100044250449));
#4605=CARTESIAN_POINT('',(-4.40400088609194,0.,-8.86100044250419));
#4606=CARTESIAN_POINT('',(-5.92247260691124,0.,-6.86100044250432));
#4607=CARTESIAN_POINT('Origin',(-7.92247260691123,0.,-6.86100044250449));
#4608=CARTESIAN_POINT('',(-5.92247260691313,0.,14.9954729467233));
#4609=CARTESIAN_POINT('',(-5.92247260691153,0.,-3.43050022125242));
#4610=CARTESIAN_POINT('Origin',(-3.92247260691313,0.,14.9954729467234));
#4611=CARTESIAN_POINT('',(-1.05299990952979,0.,11.966000080109));
#4612=CARTESIAN_POINT('Origin',(-0.0279999095297945,0.,11.966000080109));
#4613=CARTESIAN_POINT('',(-10.3050553533289,0.,-11.8359595438539));
#4614=CARTESIAN_POINT('Origin',(-8.65505535332893,0.,-11.8359595438539));
#4615=CARTESIAN_POINT('',(-0.997000153669824,0.,-11.965999603271));
#4616=CARTESIAN_POINT('Origin',(0.0279998463301756,0.,-11.965999603271));
#4617=CARTESIAN_POINT('',(-1.70085754238459,0.,7.96985154856247));
#4618=CARTESIAN_POINT('Origin',(-0.0508575423845903,0.,7.96985154856247));
#4619=CARTESIAN_POINT('',(7.00505529012931,0.,-11.8359595438539));
#4620=CARTESIAN_POINT('Origin',(8.65505529012931,0.,-11.8359595438539));
#4621=CARTESIAN_POINT('Origin',(-7.92247260691286,-0.75,11.9212068363431));
#4622=CARTESIAN_POINT('',(-7.922472615075,-1.5,13.9212068363431));
#4623=CARTESIAN_POINT('',(-5.92247260691286,-1.5,11.9212068363433));
#4624=CARTESIAN_POINT('Origin',(-7.92247260691286,-1.5,11.9212068363431));
#4625=CARTESIAN_POINT('',(-5.92247260691286,-0.75,11.9212068363433));
#4626=CARTESIAN_POINT('',(-7.922472615075,-0.75,13.9212068363431));
#4627=CARTESIAN_POINT('Origin',(-5.92247260691124,0.,-6.86100044250432));
#4628=CARTESIAN_POINT('',(-5.92247260691313,-1.5,14.9954729467233));
#4629=CARTESIAN_POINT('',(-5.9224726069117,-1.5,-1.52890749881277));
#4630=CARTESIAN_POINT('',(-5.92247260691313,0.,14.9954729467233));
#4631=CARTESIAN_POINT('',(-5.92247260691124,0.,-6.86100044250432));
#4632=CARTESIAN_POINT('',(-5.92247260691192,-1.5,0.9816498338529));
#4633=CARTESIAN_POINT('Origin',(-3.92247260691313,0.,14.9954729467234));
#4634=CARTESIAN_POINT('Origin',(-3.92247260691313,-1.5,14.9954729467234));
#4635=CARTESIAN_POINT('Origin',(-15.2032747536627,0.,-3.0183501661479));
#4636=CARTESIAN_POINT('',(-15.2032747536628,0.,-1.0183501661479));
#4637=CARTESIAN_POINT('Origin',(14.1905486087953,0.,-9.36100044250502));
#4638=CARTESIAN_POINT('',(14.1905486087954,0.,-8.86100044250502));
#4639=CARTESIAN_POINT('Origin',(-14.190548671995,0.,-9.36100044250502));
#4640=CARTESIAN_POINT('',(-14.190548671995,0.,-8.86100044250502));
#4641=CARTESIAN_POINT('Origin',(-8.80800174058483,0.,-8.86100044250477));
#4642=CARTESIAN_POINT('',(-13.9080017405848,0.,-8.86100044250501));
#4643=CARTESIAN_POINT('',(-8.80800174058483,0.,-8.86100044250457));
#4644=CARTESIAN_POINT('',(-7.92247260691106,0.,-8.86100044250449));
#4645=CARTESIAN_POINT('Origin',(9.00159934802791,0.,14.4212069054114));
#4646=CARTESIAN_POINT('Origin',(9.00159934802791,-1.5,14.4212069054114));
#4647=CARTESIAN_POINT('Origin',(-9.0015995289354,0.,14.4212068319391));
#4648=CARTESIAN_POINT('',(-9.00159952689487,-1.5,13.9212068319391));
#4649=CARTESIAN_POINT('Origin',(-9.0015995289354,-1.5,14.4212068319391));
#4650=CARTESIAN_POINT('',(-9.00159952689487,0.,13.9212068319391));
#4651=CARTESIAN_POINT('Origin',(-5.92247260691304,-1.5,13.9212068445052));
#4652=CARTESIAN_POINT('',(-2.96123633990259,-1.5,13.9212068565903));
#4653=CARTESIAN_POINT('Origin',(-10.2999245551548,-1.5,-0.0110004425050364));
#4654=CARTESIAN_POINT('',(-10.2999245551549,-1.5,-1.21100044250503));
#4655=CARTESIAN_POINT('Origin',(-12.4160789260108,-1.5,-1.21100044250502));
#4656=CARTESIAN_POINT('',(-12.4160789260108,-1.5,-1.21100044250502));
#4657=CARTESIAN_POINT('Origin',(-12.4160789260108,-1.5,-0.0110004425049903));
#4658=CARTESIAN_POINT('',(-12.8497820316301,-1.5,-1.12988453667038));
#4659=CARTESIAN_POINT('Origin',(-13.4461238018565,-1.5,-2.66835016614775));
#4660=CARTESIAN_POINT('',(-13.4461238239078,-1.5,-1.01835016614775));
#4661=CARTESIAN_POINT('Origin',(-17.4703452754439,-1.5,-1.0183501661481));
#4662=CARTESIAN_POINT('Origin',(-7.92247260691191,-1.5,0.981649833852723));
#4663=CARTESIAN_POINT('',(-7.92247260691174,-1.5,-1.01835016614727));
#4664=CARTESIAN_POINT('Origin',(-9.26987967931202,-1.5,-1.01835016614739));
#4665=CARTESIAN_POINT('Origin',(12.4160789260108,-1.5,-0.0110004425049903));
#4666=CARTESIAN_POINT('',(12.4160789260108,-1.5,-1.21100044250502));
#4667=CARTESIAN_POINT('Origin',(10.2999245551549,-1.5,-1.21100044250503));
#4668=CARTESIAN_POINT('',(10.2999245551549,-1.5,-1.21100044250503));
#4669=CARTESIAN_POINT('Origin',(10.2999245551548,-1.5,-0.0110004425050364));
#4670=CARTESIAN_POINT('',(9.86622144953682,-1.5,-1.12988453667084));
#4671=CARTESIAN_POINT('Origin',(9.26987967931202,-1.5,-2.66835016614885));
#4672=CARTESIAN_POINT('',(9.26987967931202,-1.5,-1.01835016614739));
#4673=CARTESIAN_POINT('Origin',(7.92247260691174,-1.5,-1.01835016614727));
#4674=CARTESIAN_POINT('',(7.92247260691174,-1.5,-1.01835016614727));
#4675=CARTESIAN_POINT('Origin',(7.92247260691191,-1.5,0.981649833852723));
#4676=CARTESIAN_POINT('',(5.92247260691192,-1.5,0.9816498338529));
#4677=CARTESIAN_POINT('Origin',(5.9224725541047,-1.5,13.9212068928453));
#4678=CARTESIAN_POINT('',(5.92247254371309,-1.5,10.1352783885712));
#4679=CARTESIAN_POINT('Origin',(13.4461237844055,-1.5,-1.01835016614775));
#4680=CARTESIAN_POINT('Origin',(-3.15998094357894E-8,-1.5,3.80318544487929));
#4681=CARTESIAN_POINT('Origin',(-3.15998094357894E-8,-1.5,3.80318544487929));
#4682=CARTESIAN_POINT('',(5.92247254371309,-1.5,10.1352783885712));
#4683=CARTESIAN_POINT('Origin',(-7.92247260691123,0.,-6.86100044250449));
#4684=CARTESIAN_POINT('Origin',(7.92247254371161,0.,-6.86100044250449));
#4685=CARTESIAN_POINT('',(7.92247254371144,0.,-8.86100044250449));
#4686=CARTESIAN_POINT('',(5.92247254371162,0.,-6.86100044250432));
#4687=CARTESIAN_POINT('Origin',(5.92247254371364,0.,16.4673713322637));
#4688=CARTESIAN_POINT('Origin',(-8.80800174058481,0.,-3.51100044250636));
#4689=CARTESIAN_POINT('',(-8.80800174058482,0.,-5.29855996766643));
#4690=CARTESIAN_POINT('',(-8.80800174058481,0.,-4.17344091734779));
#4691=CARTESIAN_POINT('Origin',(-7.80800174058482,0.,-5.29855996766643));
#4692=CARTESIAN_POINT('',(-8.41406234664601,0.,-6.09397843726638));
#4693=CARTESIAN_POINT('Origin',(-8.80800174058579,0.,-6.61100044250635));
#4694=CARTESIAN_POINT('',(-8.80800174058482,0.,-7.26100044250635));
#4695=CARTESIAN_POINT('Origin',(-8.80800174058482,0.,-7.26100044250499));
#4696=CARTESIAN_POINT('',(-9.72947052061306,0.,-7.261000442505));
#4697=CARTESIAN_POINT('Origin',(-9.72947052061306,0.,-5.26100044250527));
#4698=CARTESIAN_POINT('',(-10.0767668759469,0.,-7.23061594852942));
#4699=CARTESIAN_POINT('Origin',(-10.0767668759469,0.,-7.23061594852942));
#4700=CARTESIAN_POINT('',(-10.1858313649522,0.,-7.2113849364806));
#4701=CARTESIAN_POINT('Origin',(-10.533127720286,0.,-9.18100044250512));
#4702=CARTESIAN_POINT('',(-10.533127720286,0.,-7.18100044250502));
#4703=CARTESIAN_POINT('Origin',(-10.533127720286,0.,-7.18100044250502));
#4704=CARTESIAN_POINT('',(-12.1823299808381,0.,-7.18100044250502));
#4705=CARTESIAN_POINT('Origin',(-12.1823299808381,0.,-9.18100044250479));
#4706=CARTESIAN_POINT('',(-12.531274094214,0.,-7.21167619146349));
#4707=CARTESIAN_POINT('Origin',(-12.531274094214,0.,-7.21167619146349));
#4708=CARTESIAN_POINT('',(-12.6365200232611,0.,-7.23032469354654));
#4709=CARTESIAN_POINT('Origin',(-10.533127720286,0.,-9.18100044250512));
#4710=CARTESIAN_POINT('',(-10.2552906360189,0.,-7.60530803768549));
#4711=CARTESIAN_POINT('',(-10.533127720286,0.,-7.58100044250502));
#4712=CARTESIAN_POINT('Origin',(-10.2552906360189,0.,-7.60530803768549));
#4713=CARTESIAN_POINT('',(-10.1462261470136,0.,-7.6245390497343));
#4714=CARTESIAN_POINT('Origin',(-9.72947052061306,0.,-5.26100044250527));
#4715=CARTESIAN_POINT('',(-9.72947052061306,0.,-7.661000442505));
#4716=CARTESIAN_POINT('Origin',(-9.72947052061306,0.,-7.661000442505));
#4717=CARTESIAN_POINT('',(-8.80800174058482,0.,-7.66100044250499));
#4718=CARTESIAN_POINT('Origin',(-8.80800174058482,0.,-8.26100044250478));
#4719=CARTESIAN_POINT('Origin',(12.9854640734374,0.,-5.261000442505));
#4720=CARTESIAN_POINT('',(12.6365199600615,0.,-7.23032469354654));
#4721=CARTESIAN_POINT('',(12.9854640734374,0.,-7.26100044250501));
#4722=CARTESIAN_POINT('Origin',(12.6365199600615,0.,-7.23032469354654));
#4723=CARTESIAN_POINT('',(12.5312740310144,0.,-7.21167619146349));
#4724=CARTESIAN_POINT('Origin',(12.1823299176385,0.,-9.18100044250479));
#4725=CARTESIAN_POINT('',(12.1823299176385,0.,-7.18100044250502));
#4726=CARTESIAN_POINT('Origin',(12.1823299176385,0.,-7.18100044250502));
#4727=CARTESIAN_POINT('',(10.5331276570864,0.,-7.18100044250502));
#4728=CARTESIAN_POINT('Origin',(10.5331276570864,0.,-9.18100044250512));
#4729=CARTESIAN_POINT('',(10.1858313017526,0.,-7.2113849364806));
#4730=CARTESIAN_POINT('Origin',(10.1858313017526,0.,-7.2113849364806));
#4731=CARTESIAN_POINT('',(10.0767668127473,0.,-7.23061594852942));
#4732=CARTESIAN_POINT('Origin',(9.72947045741344,0.,-5.26100044250527));
#4733=CARTESIAN_POINT('',(9.72947045741344,0.,-7.261000442505));
#4734=CARTESIAN_POINT('Origin',(9.72947045741344,0.,-7.261000442505));
#4735=CARTESIAN_POINT('Origin',(7.8080016773852,0.,-5.29855996766643));
#4736=CARTESIAN_POINT('',(8.8080016773852,0.,-5.29855996766643));
#4737=CARTESIAN_POINT('Origin',(8.8080016773852,0.,-8.26100044250477));
#4738=CARTESIAN_POINT('',(8.8080016773852,0.,-7.66100044250499));
#4739=CARTESIAN_POINT('',(8.8080016773852,0.,-8.86100044250477));
#4740=CARTESIAN_POINT('Origin',(8.8080016773852,0.,-7.66100044250499));
#4741=CARTESIAN_POINT('',(9.72947045741344,0.,-7.661000442505));
#4742=CARTESIAN_POINT('Origin',(9.72947045741344,0.,-5.26100044250527));
#4743=CARTESIAN_POINT('',(10.146226083814,0.,-7.6245390497343));
#4744=CARTESIAN_POINT('Origin',(10.146226083814,0.,-7.6245390497343));
#4745=CARTESIAN_POINT('',(10.2552905728193,0.,-7.60530803768549));
#4746=CARTESIAN_POINT('Origin',(10.5331276570864,0.,-9.18100044250512));
#4747=CARTESIAN_POINT('',(10.5331276570864,0.,-7.58100044250502));
#4748=CARTESIAN_POINT('Origin',(10.5331276570864,0.,-7.58100044250502));
#4749=CARTESIAN_POINT('',(12.1823299176385,0.,-7.58100044250502));
#4750=CARTESIAN_POINT('Origin',(7.80800167738519,0.,-4.17344091734779));
#4751=CARTESIAN_POINT('',(8.80800167738519,0.,-4.17344091734779));
#4752=CARTESIAN_POINT('Origin',(8.8080016773852,0.,-5.96100044250636));
#4753=CARTESIAN_POINT('Origin',(14.9080016773852,0.,-5.29855996766435));
#4754=CARTESIAN_POINT('',(14.3019410713246,0.,-6.09397843726475));
#4755=CARTESIAN_POINT('',(13.9080016773852,0.,-5.29855996766435));
#4756=CARTESIAN_POINT('Origin',(13.9080016773852,0.,-3.51100044250502));
#4757=CARTESIAN_POINT('',(13.9080016773852,0.,-4.17344091734569));
#4758=CARTESIAN_POINT('Origin',(14.9080016773852,0.,-4.17344091734569));
#4759=CARTESIAN_POINT('',(14.3019410713246,0.,-3.37802244774528));
#4760=CARTESIAN_POINT('Origin',(8.65505529012931,-5.,-11.8359595438539));
#4761=CARTESIAN_POINT('',(6.05505529012931,-3.6,-11.8359595438539));
#4762=CARTESIAN_POINT('',(6.05505529012931,-5.,-11.8359595438539));
#4763=CARTESIAN_POINT('Origin',(8.65505529012931,-3.6,-11.8359595438539));
#4764=CARTESIAN_POINT('Origin',(-3.15998094357894E-8,-3.6,-1.93305399764571));
#4765=CARTESIAN_POINT('',(7.00505529012931,-3.6,-11.8359595438539));
#4766=CARTESIAN_POINT('Origin',(8.65505529012931,-3.6,-11.8359595438539));
#4767=CARTESIAN_POINT('Origin',(-8.65505535332893,-5.,-11.8359595438539));
#4768=CARTESIAN_POINT('',(-11.2550553533289,-3.6,-11.8359595438539));
#4769=CARTESIAN_POINT('',(-11.2550553533289,-5.,-11.8359595438539));
#4770=CARTESIAN_POINT('Origin',(-8.65505535332893,-3.6,-11.8359595438539));
#4771=CARTESIAN_POINT('Origin',(-3.15998094357894E-8,-3.6,-1.93305399764571));
#4772=CARTESIAN_POINT('',(-10.3050553533289,-3.6,-11.8359595438539));
#4773=CARTESIAN_POINT('Origin',(-8.65505535332893,-3.6,-11.8359595438539));
#4774=CARTESIAN_POINT('Origin',(-0.0508575423845903,-5.,7.96985154856247));
#4775=CARTESIAN_POINT('',(-2.65085754238459,-3.6,7.96985154856247));
#4776=CARTESIAN_POINT('',(-2.65085754238459,-5.,7.96985154856247));
#4777=CARTESIAN_POINT('Origin',(-0.0508575423845903,-3.6,7.96985154856247));
#4778=CARTESIAN_POINT('Origin',(-3.15998094357894E-8,-3.6,-1.93305399764571));
#4779=CARTESIAN_POINT('',(-1.70085754238459,-3.6,7.96985154856247));
#4780=CARTESIAN_POINT('Origin',(-0.0508575423845903,-3.6,7.96985154856247));
#4781=CARTESIAN_POINT('Origin',(13.9080016773852,0.,-6.61100044250501));
#4782=CARTESIAN_POINT('',(13.9080016773852,0.,-7.26100044250501));
#4783=CARTESIAN_POINT('Origin',(-7.80800174058481,0.,-4.17344091734779));
#4784=CARTESIAN_POINT('',(-8.41406234664482,0.,-3.37802244774693));
#4785=CARTESIAN_POINT('Origin',(-14.9080017405848,0.,-4.17344091734569));
#4786=CARTESIAN_POINT('',(-14.3019411345242,0.,-3.37802244774528));
#4787=CARTESIAN_POINT('',(-13.9080017405848,0.,-4.17344091734569));
#4788=CARTESIAN_POINT('Origin',(-13.9080017405848,0.,-2.86100044250502));
#4789=CARTESIAN_POINT('Origin',(-14.9080017405848,0.,-5.29855996766434));
#4790=CARTESIAN_POINT('',(-13.9080017405848,0.,-5.29855996766434));
#4791=CARTESIAN_POINT('',(-14.3019411345242,0.,-6.09397843726475));
#4792=CARTESIAN_POINT('Origin',(-13.9080017405848,0.,-6.61100044250501));
#4793=CARTESIAN_POINT('',(-13.9080017405848,0.,-7.26100044250501));
#4794=CARTESIAN_POINT('Origin',(-12.1823299808381,0.,-7.58100044250502));
#4795=CARTESIAN_POINT('',(-12.1823299808381,0.,-7.58100044250502));
#4796=CARTESIAN_POINT('Origin',(-12.1823299808381,0.,-9.18100044250479));
#4797=CARTESIAN_POINT('',(-12.4614852715389,0.,-7.60554104167179));
#4798=CARTESIAN_POINT('Origin',(-12.5667312005859,0.,-7.62418954375484));
#4799=CARTESIAN_POINT('',(-12.5667312005859,0.,-7.62418954375484));
#4800=CARTESIAN_POINT('Origin',(-12.9854641366371,0.,-5.261000442505));
#4801=CARTESIAN_POINT('',(-12.9854641366371,0.,-7.66100044250501));
#4802=CARTESIAN_POINT('Origin',(-13.9080017405848,0.,-7.66100044250501));
#4803=CARTESIAN_POINT('',(-13.9080017405848,0.,-7.66100044250502));
#4804=CARTESIAN_POINT('Origin',(-13.9080017405848,0.,-8.26100044250501));
#4805=CARTESIAN_POINT('Origin',(13.9080016773852,0.,-8.86100044250501));
#4806=CARTESIAN_POINT('',(13.9080016773852,0.,-8.861000442505));
#4807=CARTESIAN_POINT('Origin',(13.9080016773852,0.,-8.26100044250501));
#4808=CARTESIAN_POINT('',(13.9080016773852,0.,-7.66100044250501));
#4809=CARTESIAN_POINT('Origin',(12.9854640734374,0.,-7.66100044250501));
#4810=CARTESIAN_POINT('',(12.9854640734374,0.,-7.66100044250501));
#4811=CARTESIAN_POINT('Origin',(12.9854640734374,0.,-5.261000442505));
#4812=CARTESIAN_POINT('',(12.5667311373863,0.,-7.62418954375484));
#4813=CARTESIAN_POINT('Origin',(12.4614852083392,0.,-7.60554104167179));
#4814=CARTESIAN_POINT('',(12.4614852083392,0.,-7.6055410416718));
#4815=CARTESIAN_POINT('Origin',(12.1823299176385,0.,-9.18100044250479));
#4816=CARTESIAN_POINT('Origin',(8.65505529012931,0.,-11.8359595438539));
#4817=CARTESIAN_POINT('',(7.00505529012931,0.,-11.8359595438539));
#4818=CARTESIAN_POINT('Origin',(-0.0508575423845903,0.,7.96985154856247));
#4819=CARTESIAN_POINT('',(-1.70085754238459,0.,7.96985154856247));
#4820=CARTESIAN_POINT('Origin',(-8.80800174058382,0.,-2.86100044250636));
#4821=CARTESIAN_POINT('Origin',(-13.9080017405848,0.,-5.96100044250501));
#4822=CARTESIAN_POINT('Origin',(-12.9854641366371,0.,-7.26100044250501));
#4823=CARTESIAN_POINT('',(-12.9854641366371,0.,-7.26100044250501));
#4824=CARTESIAN_POINT('Origin',(-12.9854641366371,0.,-5.261000442505));
#4825=CARTESIAN_POINT('Origin',(13.9080016773852,0.,-7.26100044250501));
#4826=CARTESIAN_POINT('Origin',(13.9080016773852,0.,-2.86100044250502));
#4827=CARTESIAN_POINT('Origin',(0.0279998463301756,0.,-11.965999603271));
#4828=CARTESIAN_POINT('',(-0.997000153669824,0.,-11.965999603271));
#4829=CARTESIAN_POINT('Origin',(-8.65505535332893,0.,-11.8359595438539));
#4830=CARTESIAN_POINT('',(-10.3050553533289,0.,-11.8359595438539));
#4831=CARTESIAN_POINT('Origin',(-0.0279999095297945,0.,11.966000080109));
#4832=CARTESIAN_POINT('',(-1.05299990952979,0.,11.966000080109));
#4833=UNCERTAINTY_MEASURE_WITH_UNIT(LENGTH_MEASURE(0.01),#4837,
'DISTANCE_ACCURACY_VALUE',
'Maximum model space distance between geometric entities at asserted c
onnectivities');
#4834=UNCERTAINTY_MEASURE_WITH_UNIT(LENGTH_MEASURE(0.01),#4837,
'DISTANCE_ACCURACY_VALUE',
'Maximum model space distance between geometric entities at asserted c
onnectivities');
#4835=(
GEOMETRIC_REPRESENTATION_CONTEXT(3)
GLOBAL_UNCERTAINTY_ASSIGNED_CONTEXT((#4833))
GLOBAL_UNIT_ASSIGNED_CONTEXT((#4837,#4839,#4840))
REPRESENTATION_CONTEXT('','3D')
);
#4836=(
GEOMETRIC_REPRESENTATION_CONTEXT(3)
GLOBAL_UNCERTAINTY_ASSIGNED_CONTEXT((#4834))
GLOBAL_UNIT_ASSIGNED_CONTEXT((#4837,#4839,#4840))
REPRESENTATION_CONTEXT('','3D')
);
#4837=(
LENGTH_UNIT()
NAMED_UNIT(*)
SI_UNIT(.MILLI.,.METRE.)
);
#4838=(
LENGTH_UNIT()
NAMED_UNIT(*)
SI_UNIT($,.METRE.)
);
#4839=(
NAMED_UNIT(*)
PLANE_ANGLE_UNIT()
SI_UNIT($,.RADIAN.)
);
#4840=(
NAMED_UNIT(*)
SI_UNIT($,.STERADIAN.)
SOLID_ANGLE_UNIT()
);
#4841=SHAPE_DEFINITION_REPRESENTATION(#4842,#4843);
#4842=PRODUCT_DEFINITION_SHAPE('',$,#4845);
#4843=SHAPE_REPRESENTATION('',(#2815),#4835);
#4844=PRODUCT_DEFINITION_CONTEXT('part definition',#4849,'design');
#4845=PRODUCT_DEFINITION('\X2\53554F53\X0\V0.3_\X2\94DD540891D15E955EA7\X0\',
'\X2\53554F53\X0\V0.3_\X2\94DD540891D15E955EA7\X0\ v14',#4846,#4844);
#4846=PRODUCT_DEFINITION_FORMATION('',$,#4851);
#4847=PRODUCT_RELATED_PRODUCT_CATEGORY('\X2\53554F53\X0\V0.3_\X2\94DD540891D15E955EA7\X0\ 
v14','\X2\53554F53\X0\V0.3_\X2\94DD540891D15E955EA7\X0\ v14',(#4851));
#4848=APPLICATION_PROTOCOL_DEFINITION('international standard',
'automotive_design',2009,#4849);
#4849=APPLICATION_CONTEXT(
'Core Data for Automotive Mechanical Design Process');
#4850=PRODUCT_CONTEXT('part definition',#4849,'mechanical');
#4851=PRODUCT('\X2\53554F53\X0\V0.3_\X2\94DD540891D15E955EA7\X0\',
'\X2\53554F53\X0\V0.3_\X2\94DD540891D15E955EA7\X0\ v14',$,(#4850));
#4852=PRESENTATION_STYLE_ASSIGNMENT((#4853));
#4853=SURFACE_STYLE_USAGE(.BOTH.,#4854);
#4854=SURFACE_SIDE_STYLE('',(#4855));
#4855=SURFACE_STYLE_FILL_AREA(#4856);
#4856=FILL_AREA_STYLE('\X2\94A2\X0\ - \X2\7F0E5149\X0\',(#4857));
#4857=FILL_AREA_STYLE_COLOUR('\X2\94A2\X0\ - \X2\7F0E5149\X0\',#4858);
#4858=COLOUR_RGB('\X2\94A2\X0\ - \X2\7F0E5149\X0\',0.627450980392157,0.627450980392157,
0.627450980392157);
ENDSEC;
END-ISO-10303-21;
